metQ	4.566041620743288
uspA	5.162996388377966
luxS	6.656184232410686
lrp	0.9471852177436757
dcp	3.313755781987733
pgk	7.3487
rraA	5.055996455139983
gpmA	7.3487
oppA	7.3487
ompC	7.054539252742387
ybgI	2.808379910640479
yeeZ	5.432660872757544
leuD	-6.565823221786665
mdh	2.868467846916643
bamC	4.0926605219876
gstA	7.3487
crr	7.322301974611562
pepP	4.907987037398839
adhE	7.3487
pflB	7.3487
acnA	7.3487
gltI	7.3487
gltA	6.591411687667506
ihfA	7.3487
nadE	5.38291440631568
yceH	7.3487
icd	1.351274281088478
fliY	7.054539252742387
artJ	-1.621266247269566
clpB	7.3487
livJ	0.608300499901412
copA	1.600877663079876
potF	6.999691309271006
katG	-3.742842936547164
pliG	7.3487
wrbA	7.054539252742387
uspG	7.3487
qorA	7.3487
katE	2.830253568601204
btuE	5.627168725689411
tktB	7.3487
yggE	7.3487
ivy	7.3487
fbaB	7.3487
osmC	7.3487
argT	7.3487
osmY	7.3487
yaeH	7.3487
ydhR	2.928890160761656
moaB	7.3487
bfr	7.3487
grxB	7.3487
amn	5.761797219050195
glgA	7.3487
yqjD	7.3487
ycaC	7.054539252742387
yahK	7.3487
degQ	4.742601334018667
uspE	7.3487
aceB	7.3487
cpxR	6.451843082778711
aceA	7.3487
yahO	7.3487
dld	3.047051146018434
elaB	7.054539252742387
yeaG	7.054539252742387
yghU	6.623557820564592
pfkB	7.3487
yccJ	7.3487
ybjP	7.3487
cdd	7.3487
ygiW	7.3487
pgl	7.129955568389378
msyB	6.644714084191367
chrR	7.3487
gsiB	6.707762701753628
gsiB	6.691673061512627
osmE	7.265712979635443
ysgA	4.750418061332041
kbp	7.3487
hpf	5.560527526099418
ygiM	3.113714145017662
nagA	7.3487
glgP	4.525708189265363
ihfB	7.3487
ybiB	7.3487
glgC	7.3487
yjbR	5.952613095749796
ydcL	7.3487
acuI	7.3487
ybaY	7.054539252742387
yeaY	7.3487
yiiM	6.56884175999613
dkgA	7.3487
ppk	6.701791397155379
mraZ	7.176419533386897
curA	7.3487
yfcH	7.3487
pepT	5.124642785106086
yccU	7.3487
ydhF	7.3487
ypfJ	6.81340599653798
uvrB	5.931320743787024
msrA	7.3487
yqjG	7.3487
ybeL	7.3487
dacC	7.333349629074601
cysQ	7.3487
ymdB	7.3487
ynhG	7.3487
talA	7.3487
yciO	7.3487
hdhA	5.678221112658323
sufS	7.3487
yniA	7.3487
yjdC	5.799205300670114
bepA	-0.7563542797544808
ycgM	7.3487
yfhM	7.3487
yjgR	7.3487
uspD	7.3487
glgX	5.076280534688182
ynfD	7.3487
nnr	6.251433806990761
cpxP	1.02577002135555
yeaO	7.026172419669433
psiF	6.764502242332736
yhhW	6.468586505145455
yhjG	7.054539252742387
yciF	7.054539252742387
yiiS	5.784617942689565
ddpA	7.054539252742387
rimL	3.40478815560213
gadA	7.054539252742387
ybhB	6.494983737156796
lsrF	6.890609836924793
slt	1.07000125030757
yibF	2.562202978410999
erfK	7.054539252742387
mscL	6.985526634113026
glnD	6.15518699622405
ydiZ	3.577814726465994
yhhA	7.054539252742387
ybdK	6.419129106124075
yegP	7.054539252742387
yiiD	5.657596562464802
pdxI	7.054539252742387
yaiA	5.134509833934003
tam	4.927862006997444
ahr	7.054539252742387
ggt	5.877869783886066
slp	7.054539252742387
yghA	7.054539252742387
hchA	7.054539252742387
poxB	7.054539252742387
yehZ	4.814850138205866
xylB	7.054539252742387
otsA	7.054539252742387
amyA	6.614039361969568
yajO	7.054539252742387
yhbO	7.054539252742387
sodC	7.054539252742387
nfi	5.575002962806909
rclA	7.054539252742387
deoA	7.3487
leuC	-7.3487
cbpA	7.054539252742387
rob	4.767386435575566
lpp	6.223081004245013
ppsA	7.3487
dps	7.3487
yodD	6.964512825209711
trpR	3.053980616938566
gldA	6.995505539631941
argD	-5.52365951965827
dcyD	4.479175358584308
tolC	6.258302706455627
yebF	2.920354466902314
ygaM	0.0528439680653635
yciK	2.086228405918338
baeR	3.94102013125207
hupA	4.931965501568245
pgm	5.212283271217631
tas	2.775700292366773
lptA	3.392866596489641
iaaA	5.404819589103885
yfbU	2.534127933767754
serA	3.666242956725134
moaC	5.643367292564502
ydcF	-0.6712140194406412
yhjJ	5.15224425945908
tpiA	2.985940116109425
sufC	7.3487
ushA	7.3487
tesB	3.934356665082662
yceF	2.915732187900637
gcd	7.3487
ydcS	7.054539252742387
glnH	2.295337597751192
lpxC	1.380583963922723
glgB	2.235249813657393
dapB	3.245756260298319
yhbS	6.409640965883748
prkB	4.695047746455482
sra	-0.7964992644997498
yceM	4.772765466966396
sodA	6.550882249432757
fadE	7.054539252742387
flu	7.054539252742387
mdtA	4.306796838541749
deoC	7.3487
yegS	5.731017715385315
ycgB	6.180653773795715
treA	7.054539252742387
yfeY	3.958791717583728
cpxA	2.529240415756917
yicH	6.587234530307594
asmA	5.668414168610298
uvrA	4.673192247378837
gabT	7.3487
yibT	7.3487
plsB	6.491476271287888
gabD	7.3487
sufB	7.3487
grxC	7.3487
sufD	7.3487
ychN	7.3487
ahpC	-5.493769929796045
slyB	7.3487
aldB	7.054539252742387
yciI	5.129644823071957
uspF	7.054539252742387
ydfG	0.6648985138661822
glcG	7.3487
hisJ	0.8070383752143458
dgt	3.461787828286324
yqjE	5.0155208074075
yqjH	7.3487
udp	7.179069011328316
mtlD	7.3487
yafJ	1.090014843061349
cpdA	5.297738909432919
rcsF	5.971882824017938
ugpQ	4.199138201113694
ygiN	6.606952768093512
nagB	7.3487
rodZ	2.276727696808469
leuA	-7.3487
ugpB	7.3487
ompR	6.194856808053568
yidQ	6.128834485695486
ygaP	4.147770240440841
ompA	7.3487
mrcB	5.509869484579934
glpK	7.3487
yecC	1.019194067144651
qorB	1.557137499817511
gstB	-2.984093030125869
yfcG	5.349140636324674
potD	2.839157493685273
rlpA	5.439177421572931
fadJ	6.823053097931042
rbsB	7.3487
tpx	6.343703089486702
hisB	-5.401297003457567
yidR	4.555248315555125
pcm	4.186880475573049
kgtP	4.626317931189289
fpr	3.378582869467774
can	0.3314622837332297
yjbJ	7.009526038976049
degP	-3.985297917600639
mug	4.353915866765039
ygjR	6.450484571742074
ompT	7.3487
yhfA	4.968861980191471
rpe	3.101715766594673
yfcE	4.699794465725768
ydgA	6.506638874519856
loiP	7.3487
rsmH	4.376202506771426
lptE	6.922872907862248
ytfB	3.232357988876197
pepA	2.781935839261841
yfiF	3.564311885885191
ppsR	4.867877923815828
yraP	6.265847325621614
fadI	7.054539252742387
eno	7.3487
skp	5.272606003848901
trxA	3.531615248321052
rbsC	2.5758293035489
yeiG	4.054995604400967
adhP	3.906481008822218
coaE	4.725984344464221
zur	3.381675130909032
gshB	2.124904251906735
minD	3.067124255021757
sseA	7.3487
adk	2.24453480096751
lptD	6.858304579491835
amiD	3.765266593849705
roxA	4.540252321714939
aceF	5.213282982420956
panC	-3.335229937565341
crp	3.794131509675769
yfiH	7.054539252742387
argI	-4.790399686276304
moeA	3.078303334012064
hisB	-6.828278352406302
gpr	7.054539252742387
aspC	-3.969136255785559
groL	7.3487
nudF	-0.6393166393456292
rna	5.587026146337028
rcnR	-0.1879148238789254
yejM	4.677557007609403
mak	2.901717530891451
sohB	4.191949049882209
argP	0.4683189434588448
yggN	4.282973840227117
fbaA	5.274186474061332
rof	6.010856402836391
pepN	5.196775154870849
pheA	-5.625841239984893
frsA	1.77944445756902
gloB	1.767912630285917
lolB	3.019036243050759
yfcF	-0.3095145987178103
gloC	-1.23013133562477
agp	7.3487
murD	2.560769959577677
lldD	7.054539252742387
bolA	7.3487
yidB	4.369668399152467
qmcA	6.906636858861861
manX	5.319137352526198
zwf	0.7444177550807412
rseB	0.8596834093359834
yhhX	5.476818603108947
fliC	5.883633447077266
yjeI	3.314926632039965
pykA	2.767160782288755
prr	7.054539252742387
mlaC	3.850540180364894
cmk	5.979487726487164
moaE	4.444564871052656
rpoE	3.530423706708572
manZ	6.028317453402481
pdxJ	4.890129988412784
ldhA	7.3487
yicC	2.89422551618755
hemX	4.931812721642639
deoB	7.3487
tesA	0.2084846685450338
tehB	7.054539252742387
fepA	7.3487
asd	-3.247174288454908
proA	-3.390358753219873
ygeA	1.753979286224195
gmhA	2.610292147709906
lpoB	7.3487
pstS	4.821079762133309
degS	2.896609876564529
lysC	-4.407277130760537
yjdM	5.4011064340383
yecS	0.9638037982515366
fhuE	7.3487
mmuM	-1.889652284655297
fumC	7.3487
entE	7.3487
dcd	0.6940121506270566
fucU	4.127002121769749
yjgA	7.3487
leuB	-7.3487
rcnB	2.930685579388834
ptrA	-1.527461956945932
xseB	3.851463669332651
moaD	4.891579245287649
mtlA	7.3487
surA	4.098885668118996
tolB	6.459149721032702
spy	-7.054539252742387
astC	7.054539252742387
mppA	7.050784818720174
fadD	7.3487
pheT	-7.065919803820568
proC	0.7448574529242078
zipA	5.964919006169323
tnaA	7.009526038976049
yggX	-0.5835214902338604
ybfF	2.115392296789304
ycfP	0.8127446786641196
ybhG	7.3487
yceI	-3.166553542543997
ilvH	0.600955468629708
tabA	-1.425937881799286
maeB	7.3487
dhaK	2.952441792740961
nlpI	1.950395454269339
fadB	7.3487
corA	1.083028842111741
galU	4.987287880615964
pdxH	0.2770776441042744
yhjD	4.969655518925621
envC	1.640801047079407
pqiC	5.297087721667625
entF	7.3487
murC	2.153868217892935
ydbK	5.170457372492947
hinT	3.608497193514194
artI	7.3487
hemC	4.727448054101044
mltG	4.246536940499055
yqcA	2.360520262460057
yebT	1.76585287719834
rcsD	6.683356752378161
clsA	4.314196463332475
yecM	2.067609796325752
yehX	4.711539301199231
pepQ	-2.344435419951799
anmK	2.298201258162159
gss	3.91533365774953
hldD	4.901852748962596
mscM	2.727473122691558
gpsA	7.3487
serC	-3.580588676499104
damX	1.544769058277838
fadA	7.054539252742387
gntT	4.316257967628656
ppiA	-1.563345335570304
rpiA	4.970305356467229
slyA	2.144149550375939
kdsA	1.761978934078432
rapZ	-0.7441280726672518
murF	1.368179085845665
pntA	-2.458141023476131
fepB	7.054539252742387
ilvE	-2.20830876444574
gapA	-0.4012905216740805
msrB	-1.999996777517937
yaeP	3.902606731510836
rnr	5.781507672466936
nadR	0.3900796784415298
cydA	0.3780753552298862
ilvB	-1.162358309627726
prlF	3.321508111462806
relA	2.842649568918475
ppnN	7.3487
pykF	2.825263193011089
bcp	0.143899932567487
yciC	0.4718328906603212
yqfB	1.54804135287348
iraP	3.649940345804646
cysK	5.631954428797119
mglA	7.3487
aroD	-1.093121103307498
uxaC	6.919887993753755
pta	7.158186894423224
argE	-3.950295251284575
yncE	7.3487
arcA	7.3487
nikR	0.6028823514918198
dkgB	6.643496163606823
uvrC	2.52903583795549
metJ	1.501730059429949
ilvI	-2.356253612864132
fadH	5.65100333119607
hemY	4.102157125478243
ybiX	6.900270814076444
pspF	4.644819150403633
ygfZ	1.256607891319634
ybaK	6.152334922575919
pssA	1.881886246318062
entA	4.622119278064333
glcB	7.3487
fruA	6.445315358356101
hisG	-3.167636337842727
dapD	-4.065538013084558
yggL	3.910967055604167
pyrC	1.022690758384697
hslJ	6.093786982876258
ynbE	4.555397227852241
chbB	1.472077317159368
mltC	1.096683589689991
mfd	4.07752757347953
yajL	2.477028748843181
zntB	6.031445031614141
yeeX	3.046033270123317
argB	-7.3487
dppA	7.3487
rbsD	7.3487
lolA	4.781953946698914
yajQ	7.250714457456925
purC	2.534814867536148
ftsN	0.1045620620023552
ydgH	-7.3487
frdA	5.171392405380621
phoB	1.68462106811889
patA	4.258504549568191
yifL	2.845994200834246
fadL	7.3487
hupB	0.7053083865603769
glnP	5.608922063207926
rpoD	5.223043759447054
ptsN	4.356152442676992
cra	0.8546442991142037
recC	0.8137635767608933
lpxB	4.183214802855719
galF	1.667364526324537
ssb	3.54793070211255
cpdB	6.405746227771781
nagC	4.051383382672137
pgi	2.009879685790891
gnd	-4.587145923827536
acrA	2.876069503901138
fsaA	0.6702453972078686
atpE	4.706253352028862
ubiF	1.873285465492653
aceE	5.691462920898794
nagE	6.756328227742936
tdh	6.593390574668807
ispD	4.088494086712304
gor	-1.311708280148994
pepD	5.242890116002879
ravA	3.388380555852821
mglB	7.3487
nlpE	3.948913898134374
panB	0.3521515478742441
apaH	-0.5344898519174165
rlmM	0.9744571962916672
hisP	-4.019452340395028
trkA	3.724887135070411
coaD	0.8633875345584576
pheS	-7.3487
glpD	7.3487
nmpC	2.573297520456434
tyrB	-7.3487
yhcB	1.854719591791063
sapF	3.233511987086671
glnQ	-2.279389986833431
pyrI	0.01816905591882882
trxC	7.134178883946698
ispE	0.9489358380284478
gshA	0.7170672366408914
fldA	5.492871600457377
yrdD	1.884323747759264
pqqL	3.316543252994674
gmhB	1.311704634755554
pckA	7.3487
hemD	0.1413012307548153
pflA	0.9554949099419721
ycbB	5.684953522432367
rng	2.08267236894575
dacB	2.857810620951257
mnmE	0.7429386434405101
eutL	2.033520149253051
hcxB	-3.758393404253794
sufA	6.495401310656808
csdE	5.02466961751445
psd	-1.788101807794148
mdoG	-1.380298614247427
phoQ	0.9583369033668548
yecA	-2.096003644790339
narL	1.511799289239532
ppc	-7.074031599182342
macA	0.2351183914173717
mgtA	-1.787239223095564
tusA	2.246216976214885
lptF	2.225025596593834
orn	2.943634653276685
lapB	2.628864088068174
pspB	2.549264217507011
plsX	-1.647934871508726
aspA	7.3487
ptsP	0.3865057698670873
yjjV	3.557454317843287
aroE	4.543591559683565
lnt	3.743095729515554
dsbG	2.481144923240391
mgsA	2.761240204427601
thiL	2.385206841516897
rsd	-0.7217623520315962
gltL	-2.45175558403092
prmB	-1.2578801643194
msrC	-0.2591070564190483
cydC	1.922242203806429
pdxA	-1.101330147563804
murG	3.322420517758484
zapE	0.1006812717358774
metAS	-7.3487
matP	2.59569177759793
gcvR	-2.433638625277943
znuA	1.273948537971242
yffS	2.076137951442879
menB	0.3151579819094587
yiaF	3.147718891929391
nudC	-2.377928378139964
pdxB	-2.465654473891215
potG	-2.211191136335146
hisC	-5.758915741006475
stpA	-0.4819330118660363
ycdX	-1.194886368324438
ynfB	0.9817813699179128
ybhL	3.452120147615146
nlpD	3.271316769045914
alaC	1.02665674676236
ydjF	0.0768703799250888
mtnN	1.444741980089792
mdoH	2.653897495887745
cca	2.491505102236124
livF	-0.7927135148717555
ppa	5.701998323611716
lacI	0.0414642943960502
gnsB	2.126927592796864
hflX	-2.186164298689414
surE	2.59653451627633
lpdA	1.36671657035512
yihX	0.8812136255441254
hxpA	1.921493150356028
tamA	3.207259664444736
lolE	2.807033768343804
raiA	7.3487
proP	6.206786746351967
yjgM	-0.6053502230021671
alsB	3.576066821205834
selA	1.551833047587343
hfq	3.35834519524035
cdh	4.32365348472065
yoaB	-0.5880343457487128
ftsX	3.20141415106542
rsmI	-0.1873904605987186
dadX	5.203878814285874
ycjF	2.349362519535615
sapA	2.651743723481725
gntR	4.471977529735994
modA	-0.5414643849794317
yiaJ	-0.06745541946070273
ubiD	4.633684463488624
livG	-2.320574087028453
lrhA	-0.7246664815943867
ydjA	4.016008308555427
gloA	2.600342383518454
cbl	-1.254154660783615
phoP	-2.701550971229
metI	0.5136875417695123
yedD	1.816780065666308
fldB	2.663410461549767
ridA	6.154849723752263
yddE	3.304121198447444
phoU	1.087668205401516
rimI	2.519173410327499
yceB	5.222523668045196
kdsD	2.251668891091937
pntB	-5.902266008335703
bisC	-0.5981068310685425
srlR	3.090232306167813
cnoX	2.59539919568117
rcsC	2.1320832908065
sucB	3.23025297450634
hisH	-3.702835654608906
ycbX	-4.131115810508517
zapA	0.4950558120247904
yhdE	0.2340265803132397
ftsP	-0.00795986595938
aroB	-6.136041691007857
yebY	0.57375315607481
ucpA	4.396511566587391
pxpC	0.6030968378237653
btuB	2.674269715544956
engB	2.182132664980719
dcrB	5.383818104997798
yecD	-2.457263390205437
dmsD	1.554521818452853
metC	-5.062066198619366
yebE	-6.810500871971978
trxB	-2.805115019066193
lpxM	0.9907475938276982
aldA	2.773167733774473
csqR	5.120256455022072
tcdA	0.770505658106622
cysG	-0.2397882615573287
rseA	2.006600845950063
grxA	2.188239564416676
hns	6.509649109424648
ynjE	2.571221447856997
fhuA	7.3487
ydcY	0.6129213309142597
cydD	1.134876649631306
pyrB	-2.538803988784918
bamA	-3.132952611484909
add	3.545682192257085
yacG	1.973785773070951
yihD	-2.753438765047314
usg	1.087903474510213
entB	3.611822670998323
mscS	2.695001264373273
cysE	-2.17832063590224
prs	0.8055113590723909
ddlB	-0.2954427286773812
groS	4.820429204522701
ppx	3.884374087752568
ybaL	3.570204586986434
glnE	2.575984381800525
dnaE	3.377389853413518
yahJ	0.2846439679078867
acs	7.3487
cobB	-0.1743674033970145
coaBC	3.103655615357308
mltB	1.524844639964173
yeiE	2.513414665889906
cutC	2.438316806627
corC	3.410137639527315
trpA	-1.175349961034286
lpxA	-1.353035375240458
yhhM	-0.279319034447454
selD	0.7907167251114335
dnaK	6.635894921136094
xerC	4.65064130007063
hemE	4.895350079930681
yjjX	0.3652745530972717
fmt	3.889192584599959
tyrR	3.370276297720011
ybeZ	1.521962509661626
argH	-3.868073744003719
pdeK	2.888253628311692
malK	7.3487
rraB	2.995885783395428
arcB	1.808152001075586
aroG	-1.868361414899946
talB	4.271710975942466
yagU	5.72257864222844
rpoN	-1.515850396936622
pxpB	-2.997817272780237
argG	-7.3487
tsaE	-2.170304448776425
modF	-2.482623210276897
ybiV	0.4460547807452401
fkpA	2.414439122108463
deoD	4.060728326872026
cstA	3.159450054941565
yafC	1.952153271142671
glyA	-4.747842369699959
minC	0.2507528044108349
yfaY	0.9913550117340776
tamB	5.283489365032143
glnB	1.519236113446028
alr	2.160077507445117
sad	1.070712485173085
tilS	1.50565003986473
metK	-5.623704232059523
hflC	1.506492283135277
trmL	1.593130078439772
ygfB	1.145731394550469
mtfA	2.292564909883568
hldE	-1.892578241479196
allR	-0.4967923497740538
ybiU	4.958662919762181
malE	4.914802922706002
asnS	-4.42892361655994
gcvA	0.1573106846101706
dgoR	0.2224032269272063
tusC	3.430197943975272
purE	-0.2664009866424933
sbcB	3.429677791375808
slyX	1.63408201419063
kdgR	2.957495351357984
frmR	0.5136132896981026
ilvA	-5.906856194897975
solA	-6.538867793418756
smpB	3.486218816763414
ltaE	-2.408152870524391
metB	-5.288228892462694
yacL	3.090232306167813
topA	3.332427663579448
ldcA	-2.470805548703313
yfgD	0.388928801481511
mlc	1.563390486719108
lapA	-0.2496026137954239
ptsH	-1.397324051930786
gdhA	-4.113722543397618
tldD	-2.078440085029249
bioA	5.326528198424142
yifK	2.900141331286676
ptsI	-5.625933126000478
yqhD	7.3487
holB	-0.0161266240655613
rsxG	-0.04132819287684227
prc	-7.043213007271151
minE	-4.864792311584644
gudD	2.851098228125559
rbsK	3.218864850129761
ytfP	-1.132989090961566
rsmC	-0.06730121324106567
holD	0.2288313492635246
diaA	0.9780038919374663
ppiB	2.560889994034276
pdxK	1.433140599051264
eco	7.054539252742387
ung	2.959831158036606
thrB	2.696940095710243
bglA	-0.8581032396921167
ydgJ	2.315232433561188
cusS	-6.834642450334471
guaC	-4.134706773126738
csdA	-0.9738004755008413
ribC	2.614631915292792
dnaA	-2.097316172476278
macB	0.6450206433268454
pfkA	-0.4259011211755124
ispF	-0.2230207610454933
purA	-2.482480890173865
mukF	-1.163386670417024
mnmA	-4.06251211489923
elbB	2.199076314165724
rfaG	1.38939451787347
serS	2.620995706620101
polA	1.785949202775158
dksA	7.255185234772007
tmk	2.994984781145298
rlmH	3.373840678244923
ilvN	-6.369160580414349
yhaJ	0.1757192703520567
mdoD	-1.430719724996663
dnaG	1.899146089424516
cysP	-1.288447674172135
pqiB	6.101262967049698
yhbY	4.733271763889745
cusR	-7.009526038976049
lptB	-3.245972931778488
prlC	-2.806891289925344
artP	3.173563808059592
pspA	-0.1953305306512509
yadG	-0.4902930085741921
aroC	-3.832513132681743
ydiJ	-7.3487
bioD1	1.69126232210053
lgt	-0.7339158932693708
oxyR	-5.532954467886773
bamE	1.704492123641522
hisD	-3.857882692333071
cueO	-7.3487
eda	2.675270979046493
hemG	2.383403161546426
ubiK	-2.137074627803085
glk	-4.685824562571605
creA	2.289484396455559
wecG	0.9224923829432033
bioH	0.0746966206060598
kch	1.206963425488907
tsaC	0.580027450256284
kbl	5.271491771044725
yigI	3.03576880090335
yejL	1.722684685388922
ribD	2.158144691356306
nrdR	-1.042168826089998
murB	0.5301387549406422
mscK	6.098480451938022
lpxD	-1.055638163828754
mlaB	1.478499482381423
fdhD	-0.4311115848190242
acpP	2.482872831411103
tdk	3.173565903183773
seqA	2.433197570013156
murE	-0.7688934565283041
lamB	3.858552719766135
lepB	1.663624482589019
cydB	-2.967737925341783
sspA	2.060335225566655
argC	-6.436967104465003
rstA	-3.76280565688515
xerD	0.893003510599999
tatB	0.4885398939480856
folA	3.856281889340425
gatD	0.8494485709052338
yhiN	2.179234976005008
ribE	-0.8959971666857943
ribE	-0.8959971666857943
rsgA	-4.529538783152525
clpP	3.231412742522775
thrA	-4.241279563033316
spoT	4.842884580569654
gutQ	0.4454795600084403
ghrA	-1.771428215939069
mlaA	2.892426315400427
ebgR	0.1383042079614045
nudJ	0.8504201390351462
map	4.071063278027077
yejK	-4.005170041475544
fruB	6.472454271126849
htpG	5.58180519440653
ypeA	-0.5857318915163277
pmbA	-1.732290653706195
erpA	3.264296723549465
galT	3.324146078342842
ftsA	-3.336892352046254
aroL	-5.162086049279722
uxuA	0.5083534339132717
ghrB	-2.900966745435826
rsmD	0.6575948337284282
ribF	-0.8884229077342102
fabI	-3.343388674459304
hflK	0.146894684896321
yciH	-2.33734898823354
rsuA	-2.016968066038966
glnA	-6.995484970258219
glnG	-5.15741940637194
nrdE	3.090232306167813
yheO	-0.8857220981780722
bioF	2.69118792564002
nadC	-3.503319901962156
pncA	-0.6935310843275039
ruvA	2.241402727604945
proB	-4.98380902659874
pncC	-0.03688032408684222
deoR	-0.7945462674627031
folE	-3.596583358435572
metG	-5.819417980314209
alaA	-3.981872830400912
avtA	-4.639116733770367
wecE	-0.1051948418310756
syd	-0.4649042875095944
cirA	7.3487
yfcZ	4.44869492476128
yggS	0.6499384994537962
bamB	-0.2486905947087181
xthA	0.0526980158735614
atpF	0.3453169086221161
ptsG	-1.598842478693722
yffB	3.926096454148972
dnaB	-0.9275335202744381
ompX	1.889678391484222
tyrS	-2.807455265727944
ygiF	-1.976854335746506
bamD	-1.114146701290293
eutB	0.4426761442038212
aroH	0.01859564182363803
accB	2.631049616548175
thiD	-2.153817782595933
hemL	-2.68520577539239
truD	-0.3354987987782656
rsmA	1.696728907229015
hisF	-6.719914278998822
ydcI	0.1030729029067565
dxr	0.4024748904664939
speA	-4.967808421670575
fur	-1.642960463713697
nrdD	-3.738257645276697
srmB	1.830370636246359
mobA	-1.448841482323233
cpoB	3.564934853445992
fabB	-2.880894796317002
yfbR	-0.2345419945299381
yrfF	-0.419295753041396
ribE	-0.8959971666857943
ribE	-0.8959971666857943
thiD	-2.153817782595933
efeO	7.3487
fiu	7.3487
pldA	2.837042271981883
ycgL	-0.1890044821050339
ispA	1.248876535298456
hrpA	1.833693751682667
atpA	-5.459888620397065
rfaH	-1.027893345802143
csrA	-2.34074091747914
speG	0.6756557559083571
radA	-3.489453570433604
purT	-2.730710689785982
yeaK	-4.736898513103229
mlaE	2.273434650942775
sucD	-3.440116162083823
lysU	3.787731847147309
speC	-2.091902698784068
ytfL	0.0167269403747679
manY	0.3464560610658367
murI	1.983275730068938
yqgE	-2.819688321513593
rlmA	-0.4148322622389822
ftnA	-3.039437320111429
carB	-7.115958986490679
rarA	-0.9734538274887041
secB	0.3431126820778551
trmD	0.7333915919498185
lolC	-1.080624917056886
nanE	1.522036241735856
yigB	-0.9490172101829728
menI	-4.868913301630792
ftsZ	-7.3487
grxD	-3.225274158537899
yfcN	0.2797532441706851
sdhB	-5.248584020069697
ycbZ	3.621410282097676
yciA	-1.867204069623613
nanR	-1.671869781228837
yaaA	-0.710671266971672
pepB	-5.636747559332707
hemH	0.5676574557741165
queF	1.131154596500751
gppA	0.2314052331772676
acrB	4.000125434444895
mnmC	0.5430901364295991
rseP	-3.763735953238875
thiD	-2.153817782595933
rsmE	-2.45269404481531
lasT	-1.626535310385841
nudK	1.357145355569243
ftsE	-1.685985607056023
trpS	-5.41496929637507
mlaF	-0.09685750506227618
hemN	-5.364971744587363
fdhE	0.8124869729865614
aroP	-5.97927142137091
puuC	-0.4996161542219648
flgN	-2.977363866765529
lptC	-1.425596714665855
barA	0.2757313192999195
elaA	-0.1093552869999845
purT	-3.655252246328232
nagD	-3.903887239916426
der	3.517140190579177
srkA	-1.50283656143911
thiD	-2.153817782595933
yhiI	2.457899911708334
nanM	2.668944439244856
ispB	-2.17820681656636
blc	-0.3139501462138367
mlaD	0.641845577848955
yncD	0.5001066271622765
mreC	-3.088331964800525
rimP	-0.1807785108469255
entC	3.37115138625364
pyrH	-0.7769222287254297
manA	2.795924907606387
rfaF	-0.4765170351081071
glmM	3.951325806340032
carA	-6.983798808008849
xseA	0.2856293610619612
uvrD	-0.4167964456854361
exuR	1.583430977217845
agaR	-1.284405813205462
galK	2.698336287111886
nagK	-1.880793608151251
mprA	1.612491491997757
dsbA	-2.105573626722811
thrC	-3.393779935721497
ybhC	-0.8733169101332112
infC	0.2691271586822353
rpoS	4.32471570433821
dcm	-2.512144327930462
tufB	1.035544756805567
ruvB	-3.042355108399287
tatA	-0.1533028906082406
purL	-4.67402078052351
wzzE	0.9304779820432444
mog	2.385114159015908
ompF	-4.895455251599188
lolD	-0.9557159181784666
yegD	-0.1345091198845329
yibL	0.7016661953740964
yieP	2.841663948343657
tolR	-1.014565301269299
sbp	-4.980195031737127
sucC	-6.001651453108623
yfgM	-3.407324652804263
galM	-1.037587513395996
metR	-3.785774811179878
ubiG	-4.007371379170561
atpH	-3.839837834658223
hisA	-4.189281164263553
rsmG	1.438499760306132
metN	-5.424689476960456
aroF	-7.3487
mazG	-1.388450197319147
pth	0.6002762028197546
dnaN	-1.649197578033704
pyrE	-1.07240521803085
speB	-1.271639693143276
rpoZ	0.1155468659538766
rlmB	-0.630934107396365
cytR	-0.2294957817614944
dppF	-5.735203937997156
betB	0.3373582932257758
nudE	-4.620675348199946
speD	-7.3487
puuE	-1.090455501449499
prmA	2.241459408696731
ycfH	1.727056681390304
ybbO	-1.08226488738656
queC	-1.036398261768776
sucA	-1.505971651482783
djlA	0.3899876694093808
yqaB	-0.1861092129536167
yciT	-2.591860578013536
mqo	-0.0410657530603933
nrdB	1.534467611109409
pabB	-2.331906866352818
atpD	-4.288215426877528
mukE	-3.853594348864683
pitA	0.4695538726979981
purR	-4.147217663085424
rbn	-0.5069475144085605
purD	-4.586761283004694
sthA	3.228829820309082
ndh	4.147273407190357
yggT	-2.483769293250532
kdgK	0.5012187919524621
fumA	-4.305508536234146
rlmJ	-1.415567645564968
fabD	-0.1036461828590361
ycdY	-4.149059135417192
yajC	-2.985126675639193
dtd	-2.342008590848804
yciN	-0.6197032646011447
ppnP	-3.913364618118035
nagZ	-4.760145697501537
dnaX	-0.9974029940605265
gyrB	3.268403632733516
folP	-0.5860732994430479
yigL	-0.5730800931775665
purD	-4.847725382447868
tonB	-0.3671306274047989
sdaA	4.557849407920178
zapD	-1.322502461036972
lplA	0.1424709469276438
yobA	-4.185850740223927
cysB	-7.3487
dhaL	0.8346781143753005
cusF	-7.054539252742387
aas	0.1042134002690851
evgA	-0.7782266209568395
helD	-1.691377924278735
zntA	3.556310179461908
purN	-4.553259503552805
purB	-5.132210067346431
purD	-5.085420005853548
folD	-2.908495723515096
dsdA	1.650547360214939
modE	0.08067664291278004
tyrA	-7.3487
gph	-2.814885259170341
yifE	-0.1519861633787938
pyrF	-2.247728668499785
recG	-1.146746737060927
narP	2.887702437867802
dut	-0.1918594562698479
mntR	0.4655174251020004
menC	-0.6479767316243347
waaA	0.0131067557128004
ribE	-0.8959971666857943
ribE	-0.8959971666857943
ribA	-3.291005251663015
lpoA	-4.113405221340541
yehS	2.499188067513113
trpC	-6.983793296156247
fbp	1.822497613620769
acnB	-7.3487
tolA	-2.202834626582392
cmoA	-1.20128375581471
mrcA	-1.785975396766285
dapA	-3.645129737355778
rluD	0.1870121867852777
nfuA	1.350409614083372
cysS	-0.201675969364277
nrdF	0.9605876055668388
trpB	-5.868699459228707
thiM	-1.986727321910338
hemB	-2.571677328758941
bcsG	-3.415007694780295
ileS	-5.490721687456739
sdhA	-6.348759624436502
yihI	-2.937921926148227
pdhR	-2.289161427047816
ppiD	2.42520909441004
purK	-5.227450227457473
rhlB	-2.819466887508525
glrR	-1.339982427594522
ybiS	-2.727788552416196
purU	1.262812151377503
rsmB	2.21819171285598
purH	-7.015677406264471
pspE	2.047641951593409
bdcR	-2.665945787279531
yigA	-1.612144872623222
nusB	0.5850766549318285
tolQ	-1.869174039101452
aroA	-5.790165043234227
gmk	0.03879991363896675
yajG	0.6775639339216633
mdaB	0.1578233550853709
kdsB	-1.050810564401033
glpR	-2.813813535196491
ftsY	-2.865294728857195
atpG	-2.389389952214135
ndk	-5.386649291870564
cmoB	0.9578434384053673
miaA	-3.40277260850955
eptC	-0.2392942015974826
dnaT	-1.733960737323209
secG	-2.541034889764588
glyS	-0.9754719955248222
yfdH	0.634174449400448
cusC	-4.425130731988852
ygiB	-2.183486528006559
potA	-1.02098233042104
yfcD	-3.691922759457884
ygiC	-4.997039362840104
ubiI	-3.271053350922998
hcxA	-4.926821880135008
mioC	-3.591281664750666
rdgC	-5.008943430372042
iclR	-1.584943300685727
atpC	-3.030405681177559
secY	-1.530218460771016
ybeD	-4.159068482490254
yeaD	-2.604285878800245
cnu	-0.8827980260667603
flgE	-7.3487
sspB	0.4190344586495375
rsxC	0.4070108762644655
hisS	-6.354457759238628
recA	-2.113251501468411
zapB	0.2207034430491515
kdsC	-0.09124397515834594
rapA	4.94440138225923
atpB	-1.717776764095843
prfA	-1.750110825127405
rlmE	-1.533550833469465
yhbW	-3.607122550636082
murQ	-0.6657478652170752
cyaY	-0.3089054446277502
tsaB	-0.2925473350355113
serB	-4.684538590791239
dsbC	-2.633487160661036
bglX	1.953980511369564
yjaG	-1.097031481968135
cyaA	-4.03568369699419
nhaB	1.576111973986658
slmA	-2.529600036884581
metL	-7.255066036085509
ribE	-0.8959971666857943
ribE	-0.8959971666857943
hflD	-2.865295270727608
aspS	0.09139767672357668
thrS	3.078074849600684
ilvD	-7.30300313992459
nth	-1.035899498981525
ybcJ	-2.469255753473266
hexR	0.5948365502539534
frmA	-3.580890801056801
secE	-1.64002485089967
hxpB	-2.43331492808325
metH	-7.3487
fruK	2.690534460692896
wzzB	-0.2502765447223302
panZ	-0.9690324346236904
purM	-7.3487
galE	1.878155468677617
yidA	-4.574417708983431
cysN	-7.3487
ycaR	-5.721950757664919
nlpA	-7.3487
tktA	-5.246647786797332
mrr	-0.690650064187563
wzzB	-0.4028264420728814
ftsK	-2.180601832724095
ansA	-4.040867165525539
trmB	0.7932273027666893
rluF	-2.961811418634232
yaiL	-1.877121105199665
dppD	-7.3487
msbA	1.732860696145021
ubiE	-7.3487
oppD	-0.432949716890919
fdnG	-3.334065991858005
yajD	-5.246934508732816
leuS	-7.3487
glmU	0.569749630055844
yrdA	-7.11365489352175
trmH	-1.793484428923861
slyD	-4.754154231112891
selB	-4.497648280929186
cysH	-5.790381655890409
asnB	-5.926707359054097
iscU	-6.922485096755333
flgM	-3.525731170601095
folX	-4.972492436895073
rlmG	-1.976744403591804
pyrD	-4.489592047295063
dnaJ	3.94726877987214
ratB	-1.991943670466602
rnk	-1.005373284901955
coaA	-2.280879664161966
yqjI	0.3208246364842194
mreB	-3.105350249319851
queD	-1.599753309422426
flgL	-7.3487
speE	-5.460795239176449
lon	4.150992288601468
gpmB	-6.846215711387314
nemA	0.559642061506668
rnc	-1.06401034022564
ilvC	-6.387910637838808
plsC	-0.9541652531461942
hslU	2.836805144207336
codA	-6.923079119768054
cysC	-7.3487
mpl	-3.998458230787424
fadR	-5.661651526733831
cysA	-7.3487
mrp	-5.716342856303069
lpxT	-0.415540003769728
infA	2.166031252437592
dhaM	-1.382946331140159
gltX	-0.6870634232450785
grcA	-2.464696265111113
uxuB	-2.891669507419975
dadA	4.425504280101648
hslO	1.219480159963582
gltD	-7.3487
cusB	-6.710057648465188
grpE	4.564464814948161
rfaQ	-0.07397104749029806
ybaB	-0.9981140292943979
frr	2.728669596310211
fabH	-6.479391548897
folC	-3.672958199005725
gatY	-7.054539252742387
accD	-3.935759077930715
rpoC	-0.2204612392982283
pcnB	-1.053379548896958
fabA	1.587686746853533
hscB	-3.03243917725618
pstB	-2.18695856937997
rcsB	-6.829551267698113
iscA	-1.603848956392201
yeiR	-1.427689755501215
lysA	-5.875652904177271
truA	-1.518711427490632
azoR	-7.054539252742387
emrA	0.4795696073325099
pncB	-7.116876186803194
ackA	-2.55836928565483
malP	-0.3820050854626398
yccF	-4.15852382236297
cysH	-7.3487
yjiA	-1.9928449252886
mipA	-3.72332071878942
lexA	-4.718733279617904
nuoB	-3.167834071555743
yebC	-1.156287930032463
htpX	-5.80137499540719
glmS	-7.040781096148072
era	-3.677807288312251
rlmL	0.6625188305544952
panD	-6.116433804701606
fre	-5.347965739483544
rbfA	2.137382392810963
nuoF	-6.639924457822413
argS	-6.209124693100281
putA	1.749868771265165
def	-3.437042630261165
rhlE	-0.1348234657477515
rne	5.786391031795288
hisI	-7.18401408761583
tsx	-1.425544037080452
metE	-7.3487
metE	-7.3487
gltB	-7.3487
rpoB	-0.7387259198075945
nfsA	-5.2580476875257
wbbK	0.2148378120131105
maeA	-4.335691365695174
dapE	-4.176207274838265
greA	-0.681336639566596
proS	-3.578754832126427
queA	-3.535093174929985
rph	-1.518844118904209
fkpB	-3.130503151323774
rihA	-0.8665527594547628
pal	2.983635579216105
rnt	-2.750239546205099
ispG	-5.627966249452881
cysD	-7.3487
gnsA	0.6249559034946874
rdgB	-3.734244740349639
dxs	-5.407330979215708
ydhQ	3.50258486174388
rpsQ	2.153590583538115
yfcL	-1.821734501892368
obgE	-5.167638773235592
rluB	-1.298054812446595
udk	-1.944997387131463
guaB	-1.320442496725988
argA	-6.742859634824462
asnA	-1.292472284252763
oppB	0.7806642368062334
rimM	-5.064254882095238
malM	-1.620213698376333
thyA	-3.627818140322364
dcuA	-0.6075048159523011
flgK	-7.3487
purF	-6.813470187181765
ribB	0.7341814939531984
hslV	1.262657419626864
fabG	-2.721546945259949
accC	-5.107195394771675
sodB	-6.452200298070598
truB	-0.004136400144452964
hsdS	-3.481991225704045
glnS	-6.250259354400056
gyrA	0.146202832052582
sseB	-2.944553346461094
rnpA	-1.724828533884557
iadA	1.18734868482761
yfeX	-7.022023901412238
nrdA	-1.340585286464465
puuA	-6.190138009683767
fklB	-4.628850537227571
oppC	0.0
dacA	-6.220232628833485
ettA	-3.192945920410978
clpA	-7.054539252742387
malQ	-5.945166484649508
rpsO	0.4417424878130942
nfo	-6.09729278941114
nusG	-2.027203452923361
sppA	-5.989968974202241
yecJ	-3.784026353520949
fdx	-4.969474220492587
dusA	-5.092835211013485
queE	-3.928424403297554
rsfS	-3.122979286298725
mutS	-1.200288342609996
cspE	-7.3487
accA	-4.575940885244787
trmJ	-3.371895998932272
alaS	-5.370573773145557
tsaD	-3.773366779373146
yibN	0.1737452054803321
tsf	0.8003004191532638
gpmI	-7.3487
exbD	-4.92909830909892
secF	-2.089398985467677
nuoA	-2.543722239823448
nuoG	-7.3487
flgG	-7.112766240876366
metF	-5.458480383884733
cysI	-7.3487
rfbC	-6.343122121360404
rpmH	-2.907093961430609
iscS	-7.3487
rluC	-5.8142988418576
rpoA	0.7412498682233041
suhB	-2.75237629396014
ligA	-2.023088283169575
nupC	-1.001210240673172
nuoC	-7.103298036786667
cyoA	-3.134304546263662
yceD	-3.096866333569011
prfB	-2.21518943559983
nadB	1.466529589542878
wecB	-3.47196974043069
apt	-3.596925644120166
ubiC	-5.79199405800617
recR	-4.548393013857245
rpsL	4.903497462587713
rplM	1.022165509141364
cusA	-6.143910009422201
cspC	-6.850492408068099
cysJ	-7.3487
nfsB	-6.765331322586939
ybiT	-5.74231778454451
ffh	-5.087763635799035
glpX	-1.087642818128445
sdhC	-6.476104707615837
ppiC	-5.428021823193332
nuoE	-5.83636564474346
gatA	-6.857023754391448
iscR	-6.373905586149826
rplL	3.296842514072208
secD	-2.287575537594997
secA	-0.3621247988989686
gpt	-1.367384760664636
fnr	-7.3487
ttcA	-2.457374684021525
rnb	-7.3487
exbB	-7.3487
rho	-0.3642068339869425
cysM	-7.016510782041519
ydjN	-7.3487
yiaD	0.5372530852578511
oppF	-2.077199912793382
typA	-7.3487
parE	-1.753277012752353
livK	-2.520646148208863
rffG	-2.583830118470208
pdxY	-2.970244552107265
glyQ	-5.384968091016382
mukB	-7.3487
fabZ	-2.504212735264269
rfbA	-1.031658602821185
fis	-0.2652382541550968
yeeN	-1.915172009434573
valS	-5.077394917626851
wecC	-3.125818217205316
parC	-1.832745381279523
yaiI	-1.300853696792346
yheS	-4.835859997813579
hpt	-4.953456623978973
yeiP	-6.104117214022743
ddlA	2.622498246225288
trpGD	-7.3487
rplJ	4.175337146544646
crl	-7.3487
gcvP	-5.493802167133834
ftsH	-7.3487
rpmG	-3.051946480218278
rpmE	3.355671052916702
fabF	0.5892122977640937
trmA	-6.084080742451113
tgt	-6.866441036203672
rplU	-1.237544334856095
aroK	-3.978845902385514
rlmI	-6.182766856755563
pyrG	-5.17476621312171
nusA	-1.094872570076747
cyoB	-4.567044133723225
epd	-3.844081488266635
hsdM	-7.3487
hmp	0.9441218748840837
gsk	-3.21675438030539
nuoI	-6.589428080956806
bioB	-7.3487
rplR	-4.475021101505699
upp	-5.59733541943142
pnp	-7.053872215980527
rplW	-3.143456082541392
ybhA	-3.501830554824926
yebG	-4.944629595265442
rfbD	-3.719474011704989
efp	-5.576355613638514
ychF	-7.230909899565207
uup	-5.179247791632593
mnmG	-5.639304022124615
proX	-6.656246961744729
clpX	-7.162942344391901
rpsP	-6.559086153943817
rpmF	-3.684077922414384
rpmC	-2.747821270341838
ahpF	-6.78687801253704
rpmA	-3.131521852312822
rplK	-1.361082106003587
rpsU	-4.531277215523595
rplB	-7.3487
rplD	-7.3487
guaA	-7.283272601544341
rplA	-5.784541001027712
lepA	-5.940498041334513
borD	-2.89715958802494
gcvT	-5.921047460331938
rplF	-4.138713395815494
rpsK	-7.3487
rplE	-7.3487
rpsI	-7.244652701225178
rplI	-1.373540291671679
lysS	-7.3487
infB	-6.018762762395836
prfC	-6.617097545472489
rpsC	0.945335640725529
rpsF	0.0498888663951621
fusA	-5.396241548258446
rpsN	-5.39553963308973
rpsG	-5.37096051407291
proQ	-6.50244073651089
rpsR	-4.490399492180137
murA	-7.044847018219971
rpsD	-4.997513666053995
rplP	-4.68187232914915
rpsH	-4.590351848499446
rplQ	2.016812839157931
rplC	0.7963622222729303
rplS	-2.24172968170402
yhgF	-7.3487
rplT	-2.944640428920959
ycaO	-6.651572832040875
rpsS	-6.207669381773753
rpsJ	-1.070374552477466
tig	-3.748606712948728
rplV	1.401610113519799
rplO	-7.3487
rplN	-3.664807350910486
rplY	-6.082514322100708
rpsB	-2.43469180943072
rpsE	-6.036268232806226
rpsT	-3.933279971929834
rpsM	-7.3487
rpsA	-6.090160593799096
trpE	-6.706535139575521
rpmB	-4.364389415595427
deaD	-7.3487
hscA	-6.835638905441241
nadA	-5.054087317734005
rpmD	-5.034987432227577
rplX	-7.3487
thiI	-3.522926755014513
yegQ	-7.326905470804033
cspA	-7.3487
rlmN	-7.3487
lipA	-6.948775354236189
yidC	-4.30524265900494
rfbD	-4.555439575081701
rfbB	-5.876354684460491
rfbB	-4.562377893516372
ibpA	-1.933311210389946
miaB	-7.3487
rimO	-7.315554340634312
ispH	-4.904676444721034
glf	-7.054539252742387
wbbI	-6.710972765798493
ytfQ	6.964512825209711
fucI	7.105830828995547
yedP	4.604277631894394
yohF	7.054539252742387
hdeB	6.686046230160741
ydeI	7.054539252742387
sbmC	6.642387023845815
ydhS	7.054539252742387
yciE	5.532288361388496
yfdC	6.334789903368603
ydeJ	6.900270814076444
yccX	6.5765282160446
otsB	6.279118908006665
aidB	4.983199929165648
glsA1	6.964512825209711
ybgS	6.964512825209711
bcsB	7.3487
fecA	7.3487
chaB	6.492251919836471
treR	5.266013570169205
ybjQ	5.415733194595751
sufE	6.409640150169819
ygdR	2.121989848200416
yaeR	4.838184980906684
msrP	2.967737925341783
ybhP	5.708827918254002
ybdZ	5.345583502003135
ynjB	4.020681860619568
fhuC	4.95419770947565
yhdW	4.590218221167088
fadM	3.174934492656096
bcsZ	4.477213166991769
ycjG	1.310723760064756
nadK	3.90954433474346
yddB	4.063818043311502
idi	3.33172338243852
gsiA	3.322505678570689
dicA	3.290526731491894
tusB	2.132112188986668
lsrA	1.85318713125805
ypfH	3.241829606966434
mutL	0.0673593758591805
ycjY	2.80707502071328
ypdB	1.724122188522936
fecB	3.145393862955202
dgcQ	2.807033768343804
mpaA	1.421178420221699
cutA	1.831674030400181
bcsC	2.30403015455143
uhpA	1.64002485089967
fepC	5.823517293743505
fxsA	2.146143238981949
yqeF	1.160976912824902
rffH	1.130786233948959
yjfP	2.297104470790888
folM	1.811954939300097
znuC	3.288807520873799
ybbA	-1.65957490617026
panE	1.621580326493567
yjbB	0.3023594943087263
malF	0.1570293468408999
rpiR	0.2892412735569401
efeB	1.199338669968337
hda	1.031261630534418
hdfR	0.6880724750860593
flgH	-0.2485978170582501
malY	0.9628280287309277
yejA	0.9601097140539036
rimJ	0.94917694099829
tmcA	0.924090724499286
ydiU	-0.9077695298680554
tauD	0.7524068699509341
sfsA	0.3908762481796252
ybjT	0.5072206605869459
manB	0.5618984774970575
sapD	0.5432266620081231
ybjS	0.3273888722188066
ycaK	0.4761044034893948
rnd	0.157782481424843
epmA	0.4036135123122438
flk	0.3594026543968241
yoaC	0.3384819858897397
mutM	0.3100067777835809
pmrD	0.2889921500824017
rsmJ	0.2682732023040932
pxpA	-0.0935595421598797
nudG	0.1725565595947865
fecE	0.1520272904814492
dnaC	0.0639626083842692
yghJ	0.0563000653508347
rsmF	0.0346757369664427
yaiW	0.0298536779503199
moeB	-0.6234330273049377
ybdL	1.015713290007755
yhfK	0.0
ampD	-0.0815557379307184
yieH	-0.1180853894255528
dsbE	-0.1319801403870412
ycjX	-0.3731849468430087
yegU	-0.1903945092048364
lysP	-2.61526033607772
dosC	-3.720282573069584
clpS	-0.3981369640691547
rfaC	0.3054807880993974
sstT	-1.906139004602321
lpxL	-0.4329144472598035
mazF	-0.4440589004631143
ytjB	-0.4481295805453805
iscX	-0.6839379462021652
dapF	-1.979236135917217
hemF	-0.5328934976745409
rlmD	-1.408442777134888
glrK	-0.6618471850875991
glsA2	-0.6623679931585703
holA	-0.7038179582013522
yfjD	-0.7221362448673077
yegH	0.9985762706156596
rlmF	-1.33895240988972
narX	-1.030021314656529
dgcM	0.2645648110992515
nuoK	-1.145112474209602
prpD	-2.494913033730268
fhuF	-1.739197665285252
yfgJ	-1.768037593919607
fabR	-1.827501294575375
nsrR	-1.054466089894139
vioB	-1.886832114021314
edd	0.0598750609932069
amiC	-2.014603183348785
glpE	-2.027604381083296
yieK	-2.043530007439856
yfiC	-2.060501428737509
clsC	-2.21151780918668
kpsE	-2.393695971735275
kpsC	-2.395291253574806
dinI	0.6871312867954694
yejG	-2.526030992673438
ibaG	-3.322190848945051
kpsU	-3.224095125703393
rspR	-3.406442060842175
vioA	-3.458223896877524
livM	-4.457214389386024
kpsF	-4.280149834680182
fdoG	-5.23920327400033
kpsD	-6.510802293415375
rlhA	-6.930648613444182
glnK	-6.109410204869397
sixA	-7.3487
