protein	z-value
tmk	-0.6121630977599409
lrhA	3.3168491921399936
ftsP	1.1780112313746336
queC	1.0531052692692047
tatA	0.6413571559012105
srlR	1.2800772252932409
rpmB	-3.4344848245957067
sodB	-0.22881930042740026
amiB	0.2688239025380069
damX	3.2827830197759167
barA	0.5157183242009614
hybC	0.5494480655146456
mglC	0.10661257586228597
yheS	-1.651853557297471
secE	-0.7299247984441909
clpA	-0.9813190610470949
selA	-1.29552627041554
mrdA	-0.5508790673146585
purH	-7.3487
rlmB	-0.7756744450338059
hfq	1.9975368899576602
glaH	-6.1631738529546185
speB	2.8530965168629456
frlR	-0.32469500652023436
moaE	-1.9374580166514586
glgA	3.073727769004743
yjcE	1.4723761746996915
yciK	2.9347080849683382
yhbY	1.4470847626965901
aroM	4.416461780839737
gph	-1.651566873184448
pka	7.3487
rplD	-4.509225225389098
ypdB	2.1867045797734583
rluF	-1.5607557535079433
nusG	-2.167279232610624
garL	2.0001035083706706
glnH	2.678127738445143
sodA	0.008910021106973316
folE	-7.3487
tusC	-0.2885461102217023
rluB	0.15018577139917835
poxB	7.3487
ackA	3.209215926839432
appA	0.7083694407741234
bamD	-3.0474230645698377
ydcL	6.591419578703442
hflX	1.9363888512579892
gstB	1.9965561458165533
add	6.907335342290477
prpD	0.6628297437920567
prlF	0.2972091501912925
mak	4.886388775537999
yicH	3.3180289037044433
mprA	-3.2748958859051798
ispE	0.8553683641348699
znuA	-0.20984384551652316
yfcH	6.9324588857403615
minE	1.658209430993659
hemE	-0.14080418429273536
yceM	2.301703405778312
adhE	2.921325999943713
rpoZ	-0.5679030451308148
yciO	5.61297981342122
cspC	-1.8785931434086829
hexR	0.29733341631995486
pgm	4.213777365677682
ydbK	6.681789062176003
grxC	2.233263381967301
dksA	-1.9201299732852228
eptC	-3.1750010143463214
nagE	5.193355012888001
pepN	3.263626154495258
rpoE	1.3998758388619659
macA	3.9083610111937195
bepA	4.26661814374968
adk	-0.032893961098397456
yhfA	1.2867163889680517
aceK	5.352646863990354
argG	-3.2562594266800877
tolB	-2.519478292926264
deoB	5.801665489395099
alaC	0.47729149415868927
ytfB	2.480068222366923
glpK	6.7739072994267575
rplO	-3.3200967092132716
rodZ	3.8357299425532276
fumC	7.3487
clsA	1.232212578807924
yniA	7.094195015340092
agp	7.3487
rfbC	-1.513535720123764
ihfA	4.8129046867597145
cobT	0.24422428177893918
hinT	-1.0158006660805234
era	-3.2367466875360438
yfeX	-1.3432482696365375
ftsI	-2.1729917624126696
mscK	-0.0021635896971354744
paaY	-0.7378285588529239
pdxK	-2.170870515159383
yjeI	2.281793940508169
acrB	2.9205066302252938
lpxC	3.5721773451366654
cbpA	4.837872338124424
tolC	2.73656805933251
hicB	-0.010069682769125808
raiA	0.0642199670316642
degQ	2.0208273249519246
yihD	1.3601282761408853
oppB	-1.4057671332871229
hscB	-2.662963843156026
hldD	-1.2437778998147329
hns	-0.32370601186913045
lrp	2.0977086073606257
gatB	0.534431538411705
deoC	5.834768558277636
gpmI	-5.006034757729778
yiaF	1.9927253412004948
roxA	0.8804004134213005
rsmH	0.14500368387600535
fadL	6.131069957764986
yieP	-0.8442060552380772
asmA	3.9842755423699687
lpdA	-2.421033564723302
yeaO	2.622778773286913
mrr	-3.0666865388265445
uspD	2.77053346653062
yedP	5.99481836544229
serA	-6.895416948195534
sppA	-2.955057426204644
tatC	-2.069332391034403
lptD	4.363441337927737
hflC	-0.5719659056046945
yohF	5.892697736419288
hisD	-1.175031286838083
yjaG	-2.3327470659930434
thrA	-7.3487
gltA	2.6346220986558753
fliY	-3.0936901984530607
ahpF	-1.70614065425529
pntB	-3.223639992664711
cusS	1.8287874616213071
folX	-1.6907299246510579
azoR	-7.3487
fruA	5.236603048273771
bamB	0.09073347769048891
argE	0.9960356744177792
thrS	2.506768577304193
rpsI	-4.624476969176627
frr	-1.931103235596728
garR	4.791882033148096
yheO	0.40182656742954376
ybiB	2.8653172002499514
gatC	-0.1854618471765107
ydjF	1.2045663376329043
mglA	4.817140704705112
yfcN	-0.67935256832957
yqhD	-1.7324021405842476
chrR	2.3996096389007397
ubiX	2.036465032411906
allR	-1.029497317790051
gabT	4.707598406215595
srmB	3.275694457446683
trxB	-4.354352831677087
pmbA	-0.17377803782615772
zwf	5.308297590360222
prs	-3.4775694086952544
wrbA	4.775223654511749
trmD	0.4615436041223641
galK	2.6287629195328663
ligA	0.6766640583897651
wzzB	-1.9889035396558081
ibaG	0.5347410919994966
ribF	-0.14524877873776817
glnE	1.382153931954942
stpA	-5.749047091235566
mukF	4.02617386039232
fucU	0.9471088059982551
fbaB	7.3487
oppD	1.6007268053991521
yiiM	2.9712725115627037
aroB	0.576007449462931
cstA	5.760530362925624
yjdC	4.298368169725203
gpmB	-0.7859973487967866
yccF	0.8723239269460618
cyoA	-3.303299389712544
iadA	-2.019372059739042
gntR	0.3813182916197921
fabZ	-0.06642734773174837
dnaG	1.4386453987228314
rpiA	-2.056768888750152
ridA	-4.858020671077803
rplU	-2.802749415733968
agaV	4.1058853589264785
acs	6.659994492409703
slyD	-1.230987687147133
hchA	4.714375864328076
dgcQ	1.5106054543389666
pyrD	-7.3487
frdA	6.596738800284454
fmt	1.4612045020754723
yhjG	7.3487
mscS	-3.8916583703342753
hupB	2.005707027146239
hemY	2.142934629542072
glnQ	0.824874797463135
yafV	0.29624146629884235
hflD	-0.6141185290785891
ptsH	-2.337247467968476
htpX	-2.3518351447807673
dnaA	1.105886675076251
hxpB	-2.2789904966944095
yfbR	-1.6171743881255791
cca	0.6395575757338983
sad	-1.6754920296706015
yccA	-3.0726098943309763
glmU	-3.2570806019484633
ycaP	2.004079382118102
yeaD	-6.133658541999869
cutA	1.6768774609196655
metK	-6.35831392135988
aspC	-7.3487
ytfQ	7.3487
nusA	-1.352360546486686
mepS	-3.427056717410572
ynjE	0.4719128083183733
dacA	-4.451116551994019
cpxP	2.712867325048101
yejL	-0.2933670521867375
sucC	-3.3536196669207037
lpoB	0.47266641249740304
yigI	-1.968702887678721
atpB	-2.3157436119730503
carB	-7.3487
truA	-1.5038405315549406
dkgA	6.722344021520846
tsaB	-1.8463306281219285
gutQ	0.9851550238434611
prfA	1.3466548409672106
smpB	-0.49935817209914773
murA	-3.4729701339656973
ftsN	0.9896503930926296
djlA	0.12091796828424031
dppA	3.754402062266261
copA	4.939944037006045
exbB	-5.210671603055028
dadA	-3.536244568144899
ppc	-7.3487
yhaJ	0.39581928920006443
glpX	-1.6554831521735585
secD	0.5378607886385273
ydiZ	5.29291306018043
glgX	2.6306060433364005
ddlB	-1.2317116643615962
ggt	1.2835449219797697
glmS	-4.377282510444699
glk	2.969806685204275
yciW	-2.1786783219348425
ygiC	-0.8206353493436644
yecS	1.121884585506999
yidQ	2.495460740545851
lepA	-0.5508379943380548
ynfD	0.7891672806186288
dhaM	-2.4668190890938093
rpsA	-6.572709358474765
yjbJ	6.002541668358961
rpsP	-2.7201818719695345
mukE	2.593509390405421
yifK	-1.9780883750460883
prc	-0.021097105148430446
ybaY	3.7130249641172863
glcG	3.9974216985106863
pepD	-2.743580818404317
ydfZ	0.3198855218180515
yecA	2.3038473438481493
rcnB	1.554863760510982
bglX	-2.271863075931512
gatD	6.448791704812488
nrdB	-2.2835392256410727
cpxA	4.295944931103851
rpoD	4.419393589468397
spoT	1.9672342208742661
ycjF	2.0097600505825226
rne	-0.12531919142455375
ispG	1.2707233995649212
sdhC	0.8898269213113725
cdd	5.756643675920655
hisQ	2.1610757563413574
cmoB	-1.5769980358902005
puuD	-2.331492791399146
crr	4.187285625503955
mlc	2.67800252948872
nudF	4.016864984208262
phoB	0.5139011249522767
wbbK	-1.1311329459779136
dapD	-5.500504990820426
ybeL	6.124683979356061
ahpC	1.6684505509920065
tesA	1.3202923476239188
valS	-4.871647819403815
ycgL	-1.6138627242323798
cnoX	-2.387207931828959
atpF	-3.9386042354030586
mpl	0.4000958425756729
ldcA	-0.911246421412651
cycA	1.721014434245639
deoR	-0.29130964520001545
ycbZ	-1.9065946845274615
creA	1.6106681622204984
serB	-1.7139219310712748
nfuA	-3.964679186674043
ppsA	5.440102547598282
fucO	6.357849903024489
treC	1.3643169378101019
yhcB	-1.722779157889199
hisJ	2.2652598041498826
rfaG	2.479391462383026
kdsD	-1.3349401804093375
oppF	-0.7273663426653199
ydcY	-0.2678260032224829
rcsD	1.834513286713413
xylA	3.86833831880085
ytfL	-0.019532662303919382
zntA	-0.25712252782003603
cobB	-1.3017909229516913
aas	0.5819611109736151
rpoN	1.1916539774781394
atpH	-4.295299165981797
waaU	-2.5556922935286446
ftsH	-1.2779756654510337
speA	0.5750212849271991
nuoA	-1.4262695854159027
metC	1.6946572909286293
proB	-1.0750741138752962
yqcA	1.4308713069877321
erfK	3.276008144681209
cysC	-5.71023436567306
atpA	-4.034540803769094
rpsN	-2.9664293966288775
leuB	7.034121561815143
rplP	-1.2239441340462875
nikR	0.5248463046978905
modA	5.709712227880975
mrp	-3.283057915690571
eutM	5.998855280632128
gsiB	-0.2008305953494962
fiu	-4.821227601979803
cueO	-1.199546548661777
putA	-2.1476800430983105
avtA	-4.1798983330768404
bioA	-3.197625209741925
macB	0.6640767808526646
degP	4.144418582605491
prlC	-0.11303805686804987
yeaK	-1.076307795119556
dadX	3.096824340422638
ybiS	-3.0719912341088778
rpmG	-3.075302236417867
rbsC	3.9941663025456204
fusA	-5.9500424190458
bamC	1.422197199443545
ftsX	2.379048972717075
rfbA	-3.048256595372566
livF	1.113431674891554
kdgR	0.3333443919402243
hemL	-4.151175836908367
sthA	-4.4177707222151
recC	1.8521798587690466
tehB	-2.546609740007904
frsA	0.951048634165412
yhhM	1.0699325825926604
pcm	1.5057046008589134
lysP	1.0460741368630437
ptsG	-7.3487
rapA	1.721838520922952
yccU	3.673335839580972
tolQ	-1.3076833593592454
phoQ	2.79471654257241
feaB	3.1589751629227543
pabB	-1.0614405343332483
htpG	-1.9374378400915737
prpB	-4.043088983883271
aroD	0.4023304052007421
ribA	-1.927305951405575
psd	3.2244260512762257
metL	-2.5338090598144487
aphA	1.7333810287818083
solA	-0.5507126760163508
dosC	3.3457193490293835
ycbX	4.949608729834188
yafK	-4.3658045242878725
yibF	2.7501171869085796
acnB	2.4222601582062437
lsrA	-0.4031097854765302
tktA	-7.242861455089698
rplL	-3.307880960496897
ybhB	2.154665601620563
actP	6.728720138051323
rpsF	-4.797287718350418
yhbW	-0.6469795625870393
osmE	6.281965167384964
yeiP	-2.665614265677917
lptE	1.777228950479763
uxaC	5.021041029867331
nudE	-1.643620644716207
secG	-0.4705948352097819
gppA	-0.267624399904533
yfcD	-4.923721301158009
pdxB	-1.6915741905670316
iscR	-4.116063847347369
ynbE	-0.14924474081819436
ynhG	4.258889615036086
mltC	0.3562967026517345
nagA	5.522906338751769
proC	2.7661991587006383
creB	2.7784965045931096
hdeB	4.035901252853911
speC	-0.5473432654517524
purR	2.4406672593566054
yeeN	-5.681458591450598
purC	-5.5905596958757
pntA	-5.744015938597079
rnpA	-1.3376208252153956
murQ	1.1660877012257995
ispF	-0.22633716272233226
ispB	-1.291523875866462
ugpB	7.3487
basR	2.180566820115556
rpoC	-1.1332200603702847
trmA	-4.99759891606418
fliC	-3.6416161572247514
eda	-3.4371879322010925
rsmC	0.10307405563287542
rdgC	-1.1800798033738735
ptsI	-6.0283453261249305
ppk	4.471388960663356
sucB	-2.504135493598974
mug	0.9838375194265793
queF	0.35692527368725957
rsmA	-1.4033427400075396
sstT	0.7617980487803612
gpsA	0.950208258785034
greA	1.9592940583577048
typA	-5.334042632684921
yeeX	-0.1334134304471822
ydeI	6.687976892796592
malF	0.8875390097329763
gltL	1.2954521114721578
dcp	1.6504921709899132
dut	-2.6608661427299087
hisC	0.5519406000687626
nrdR	0.09467622369068439
aroL	-2.6845169809878886
yhhW	5.849300462529106
ypfJ	3.821087909470679
sbmC	2.8221289841365156
metB	0.6804263425490326
fadJ	7.226666388952907
yecM	1.1336521831887565
yaiI	-3.7905424892468753
galS	0.6751135598414921
hemD	2.0890389879243565
rlmM	1.798581936755711
dgcJ	1.826623252367442
mog	-0.9262244459340282
putP	2.3470880688778606
speE	-2.6755934181104317
sufC	-0.5846965468971085
coaE	2.4337012665247197
dapB	-3.139806314023223
rsgA	1.8870634524492407
mnmA	0.3713284736718958
yihX	3.1142844284262674
yeaG	7.3487
rsd	0.8938871054964006
argA	-2.4232135416674745
ptrA	2.6887828281375583
maeB	5.444202914286529
cpdB	3.3463398464193053
guaA	-7.3487
tgt	-3.7942080770372284
aceE	4.043617857809779
cusA	-3.163049276937097
mukB	4.581745387808965
yjiA	-1.3691227983528993
cusC	-0.7353861691238835
yfaY	2.2145321363178088
gadC	1.8452581167555007
hisI	-2.0592620764181637
yffB	0.05323554776677452
mtlD	5.122785368282839
mdoH	1.6367584081864155
trpS	-2.531740062134918
rimO	-3.8528818845422004
dnaX	-0.2322150754364192
gsiC	0.31663866165489407
xylB	4.839986990276784
pdxI	7.3487
dnaB	-0.6784651096604708
aroG	-7.256302028750419
yejM	3.3878916852978365
ybgC	0.8759223441357437
ygeA	2.743821688556791
asnB	-5.761690141762111
bglA	0.21949578477118412
ghrA	-1.500122649041362
ftnA	-0.07161337524044774
yecJ	-3.366888142165555
ptsP	1.178153320912474
degS	1.4331961918843137
yeeZ	3.352760345377968
ygaP	3.428455501931137
potA	0.13335208972813697
aceF	3.6233809223437565
lolD	-1.542453816362658
nagB	3.991699802257566
lptB	2.417593213468716
ycaC	6.846273231923811
maa	2.0927893190353863
dsbA	-2.533886419072502
ppiA	0.4072195863614323
yidB	2.070248354118852
glpD	1.902205621133603
uspG	5.567928140227536
yagU	-0.4862271075609379
gltD	-0.3355529837339515
flgM	-3.4558456575249052
rplQ	-4.61135948561356
ygiF	0.2819256839880285
yhbS	3.5631958866457056
mltA	-2.0554525233843144
plsY	2.6565746234959806
rsmB	-0.09244265313611007
gyrA	-4.095800879269336
rfaQ	-0.3813647352875226
argI	5.0229382015516295
metH	-3.587368793675876
uvrB	6.2406793444495
mlaF	1.0743042131399134
tas	1.5634968265856732
yahK	7.3487
amyA	0.7068427200982104
pfkA	-0.31348366897468893
plsB	5.7632084313564915
lapA	1.6977908303075053
ybcJ	-1.6702330293840564
cysP	-2.461416463721786
dps	6.134347985841146
nlpD	-0.3968260526850314
rpsC	-5.439373101557747
rlpA	0.2868472335744649
fnr	-2.0729905968249045
ilvD	-6.622615226666452
trpC	-1.8786213537175191
rpsJ	-2.901058693858707
tpx	-1.580578507516943
uvrC	1.5222452375112228
rpmD	-2.6494357332705203
secF	-0.6479183781309957
grcA	0.48762372340068366
yceH	1.180275116842366
uidA	2.444743332623757
ghrB	-6.598307112693319
rplC	-4.775672247977632
lexA	-0.3571776115802356
xylF	6.372477863674099
yhbO	5.27469874291793
rpmA	-3.1138580067717734
sufS	0.6150420122737689
sapF	1.9592124849656891
yfcZ	0.5500564100179072
dsbG	-0.23794291199094766
hmp	-6.100616633638306
livK	-2.2978344302737588
rfaF	-0.17986764358975024
rlmL	0.47857113620053526
metE	-7.3487
kbp	7.3487
lolB	-1.8032928991253976
sseA	5.1460986439560585
malE	-0.619452200147771
mdoD	1.8183301200037165
rihC	3.2671919374044327
cusR	0.7033606808340062
purM	-5.700932900497307
leuD	6.790376989836074
pdxA	1.2890613145157046
mutL	3.921934309337357
tsaE	0.46537076801733285
yjgH	3.294166498557982
moeA	1.2773299757677907
hemC	1.6231494040457102
glgB	1.6069018402181678
rbsD	6.616289269710798
fumA	-7.3487
rihA	-3.8178757305024784
maeA	-3.619518285930579
serS	-0.9304776012572273
panB	2.5848720838686083
kdpD	3.8747481688651813
glrR	-1.2372263067306044
minD	3.1741843276889425
rlmJ	-1.51617915609151
rhlB	0.6297613618770566
yqfB	2.1321214260197636
kdsB	-1.7366883013643684
ytfP	-0.49689684875832846
dcm	0.23330214653740028
acuI	6.003476047249917
glcA	3.136688418809243
glcF	1.0322855654195058
glpF	2.2648826008800893
fsaA	0.02028152212923464
clpB	6.97216751108758
pncB	-5.3122282400464105
suhB	-4.4757100782323125
ynjB	0.3718560893850747
sdaC	-3.9983128568646
talB	-7.2861020159063505
hiuH	-1.347784552465696
yebC	-0.855271562315367
yhhX	0.6287249405920405
purD	-7.204351958389211
sohB	-1.0446137854484165
ppnN	1.4250371447353813
gloC	2.5085046423300477
yciN	0.7985959124975373
ydcI	0.35211917036430596
nadR	2.1595104042360123
cysG	0.6332400667722864
glmM	1.4075225726279714
ansA	0.07739508923764653
zapE	0.7314343214350767
fklB	-5.532218420577795
mioC	-2.7584690097836333
frdB	5.748200944531004
rpsS	-4.071336276573217
ispH	-3.310030448396068
sdhD	0.10536384855423307
ddlA	-3.731021976016155
rcsC	0.08824525151683546
rlmH	-1.5034461165689383
rlmN	-3.4331813191323866
pdeN	1.7450658800254772
rplJ	-3.104677023844815
metI	1.15239969714284
ompT	-3.0342786294641644
yceI	0.2299057299844714
yddH	3.226789888499843
lpxB	3.1981465237207827
queE	-1.2777423697776347
alaS	-2.4212491409567187
fbaA	-4.018835382460457
tig	-5.061157921001365
codA	-6.653368276795229
yiiS	2.3816175004676983
cydA	6.310288063656826
rplW	-2.7329128174399075
hxpA	-0.8714361728787121
yfcG	3.2139705617663044
csdE	-0.0020400197702878414
hslU	-3.7843691019600088
gor	2.2985745583592734
cysB	-1.168587091258345
pqiB	-1.8156509812499273
folP	-5.506438986782862
yobA	-0.22523558889835624
pdxH	-1.59625751792678
parC	-2.2402405186803307
trpB	-3.9463131037363244
udp	7.272775334860163
purB	-6.160326167807213
gss	0.36100253899034884
epd	-2.361444835890647
hrpA	2.6430415308602346
lolA	-1.3082437884373415
mtnN	-2.0177869473188115
selD	0.40226121481088767
cydC	1.7903052280531861
proQ	-5.9671754395070495
ydgH	-0.7697249089175572
cmk	1.8320059143483434
lysC	-7.3487
yfgD	-1.6797145655240193
grxA	-1.1106948581073206
pcnB	-3.863497634993702
yafC	0.0
yicC	0.1692033182408578
efeO	-7.3487
yqeF	0.5363413832282353
yqjE	3.510799235155988
hcxA	-2.1420396169396265
acrA	2.41394642198899
oxyR	1.4293818412378727
hsdR	-0.7137063631921486
purA	-3.901678349320282
gsk	-2.8850691410764053
cmoA	-0.8431076608279701
btsR	0.7005041811036371
lpoA	0.7961350657168631
aroA	-3.5655330689462286
hisF	-1.5770313751576068
hprR	0.772156786518876
fadM	1.1981411457774358
tsx	0.7210828857041158
tabA	-0.5472203982083368
trpA	-3.3877618943015446
lptA	3.1279194560850354
narG	2.802896463397085
mgtA	7.3487
pyrH	-4.916896895003586
yibT	2.8125229426102405
sbcB	0.8659245208527749
fabA	-1.8319033472867394
fadB	7.3487
amiA	-2.4289634630908448
yifL	0.26973639029569385
pspB	1.369503653106394
ybiU	-3.2111633555778565
leuA	7.3487
glyA	-7.2632308271627775
kdsA	-2.902492225271523
kgtP	5.463810906346222
hisS	-1.7397502340974995
rraB	-0.146424171956261
sdhA	2.2903915945348725
topA	5.55387725588617
rseA	1.2399334778907383
wbbI	-3.9776421491223415
ybhL	2.1410025582066066
ydcT	7.3487
dppC	-0.3660348153898026
btsS	1.3916765782429512
fre	-1.5879911421232782
glcB	4.359122098046601
yiaJ	-0.330232967577888
erpA	-3.0307626938962784
rpiB	-0.11408074494089307
ygiB	1.5701453577759332
fur	2.1117369713265446
dgoD	0.3477352657358624
thrC	-7.314326962791281
glnS	-2.2657371941005153
nrdA	-2.98365029696841
folD	-3.4702046837732357
nhaB	0.2731340128388771
idi	2.8353443107122978
nagC	2.2913341675461916
yciF	6.804561294455087
dgoR	0.21453126961344124
dcrB	-0.2894967794468389
rplV	-3.4161198106849167
ydcH	3.3485867570609833
parE	-2.1774118876114597
ybaB	-3.47293991615809
ndh	-0.4105401155445022
yqjG	7.1767575333449125
yoaB	-0.779271050504611
fadR	1.1106895155271037
bioF	-3.2705300725969044
ycaR	-0.9353502090441856
ubiI	0.47571899336490886
metJ	1.6731115739973577
uvrA	6.4352135238963895
pspE	-2.9001582890497244
tamA	0.20220954184260853
rpsM	-3.47080251727751
glnD	2.7062041028706476
gmhB	-2.066802345280049
gcvP	-4.401070728618446
queD	-2.6444834132235533
rpsR	-2.6391173089046798
fepA	-1.120082674167406
talA	7.3487
accD	1.6055784679510319
yfgM	-0.5986340004741998
trmJ	0.03610466409249895
dld	2.373881266453239
modE	0.19424260099412954
tyrB	-4.9955749080328955
lysA	-4.442784373612297
hsdM	-2.634519134199596
seqA	1.4746655097469
ubiK	0.578134880357524
pykA	2.423636110338342
hldE	-0.24287323486624024
mdh	-1.902273088241664
msbA	1.5314557260353707
cydD	0.14336710340354542
selB	-0.752569920595346
pxpB	1.0805625318567325
tufB	-1.8923774410731518
queA	-1.343981700866994
bdcR	0.07578799560511072
ybjP	3.9559415263709035
rfbB	-6.081084967464698
pheT	5.782143970175724
chbB	3.408956098637958
frmA	2.1249774430366863
ompA	-2.5459206059348425
thiI	-5.217708012249093
yqjD	5.6017923022283584
rnc	-1.2549395687278384
zur	2.443351615224691
yeiR	-1.247762609326899
artJ	5.722171672757031
phoP	-0.3632829552262006
purF	-6.003903361903774
kbl	0.08454297422129849
eno	-2.1239456517220243
xseA	0.2688891710347018
rpsO	-2.9667061478009873
gyrB	-3.4181517498569387
nfi	3.8909530303392956
msrC	-2.063798085043618
zapA	-1.11698670290378
fadD	5.202050055642936
sra	2.163441909104607
hslV	-0.6456633315156336
hscA	-6.40354609094892
sodC	6.399234702598092
yqcC	-0.6508675855134893
yjgR	6.72028346436191
lsrB	7.3487
paaK	-0.7046726546982239
dapA	-5.8073910116805605
rpsU	-1.9168348370193948
efp	-4.640742527410655
amiD	0.7991183470974861
rplX	-4.714691856947542
osmY	-2.455922355825796
fabH	1.5603133553090107
oppA	-0.5201687641518986
leuC	7.292566866723042
rplN	-3.4088613951934517
recR	-2.2852569227967323
rapZ	2.6401148707765008
gpr	6.8370354452879765
nuoG	3.7840961154712143
dusA	-1.1062941182345183
ygaM	3.6506243960235407
secA	2.573290516552598
ymdB	1.9137722490752058
curA	6.791667952638966
bcsG	-0.6929903314382025
rpoA	-1.9723942566799828
nagK	0.015550332350533257
mobA	0.5224773188214445
shiA	0.5645617158290196
pyrG	-6.4636855977506595
ruvB	0.40022077761643826
purU	-4.591374733264826
eptB	2.463157668988644
dnaJ	-1.8450155488756959
cysE	1.0654334591330263
pal	-6.0689839293078975
ygjR	5.82268916024405
yceD	-1.0251665009918751
fhuA	-6.608749221174732
gltI	4.467009641728394
atpD	-6.43612812636115
recA	0.040515438719457175
yaeH	4.40411882101597
hemB	1.2896127568263491
aroP	0.9913552469171597
glyS	-2.4017105185834926
atpE	1.85600454191482
eutB	0.8141349845415353
cydB	2.1753572298893524
manY	-3.2606387362587874
prfB	-4.478384990523842
ybjT	2.5103080351540554
arcB	3.3072665386226747
ltaE	1.1986277265114245
sbmA	1.832913826753897
bioD1	-2.0792434022734967
agaR	0.8210114568110977
rplK	-5.279342672609632
gldA	5.48142245733207
katG	7.3487
map	-3.261761533917528
minC	-1.355837427503203
carA	-7.3487
mrcB	3.3210510066574517
cysW	-2.750646954219533
rpsG	-4.657198338389512
accA	0.833748380142452
skp	0.2883218542109951
rimM	-1.4845034648575544
surE	1.8006367439596092
spy	5.721927922954249
dtd	-0.5254999336984217
mnmG	-3.5750790523628737
livM	0.01345885312075818
der	1.943329080623903
rna	0.8935660624361458
rpsL	-2.5688893010235323
acpP	-2.182052409022233
rnb	-6.296165325397165
metQ	2.6958614354321115
pth	-0.07979521247012877
elbB	1.9378995572121362
msrB	-0.03865813548556677
ydjN	-3.25984046706599
gabD	6.671709311884685
rplS	-5.298061581426852
treA	7.3487
ulaR	0.9501275454011193
fabF	-3.981973967091043
hisB	0.4264033949862513
ssb	2.3912775620527533
rpmC	-2.666153108919448
grxD	-1.6251674539769907
yaaA	-1.2312191399376349
ygiM	5.976925085906947
glpQ	-0.5312683896644796
yeiE	1.2629552134973498
ilvC	-7.3487
kdgK	-0.32080092401072385
rsuA	-2.502996595770269
patA	-1.7309916155814271
pgl	4.923099418670379
uxuA	6.7500071262921475
fadI	5.316571187092297
ymdF	2.0140908120181393
nupC	-1.4744456142044216
dnaE	0.5134294287429718
folC	-1.5809153270891934
hisA	-2.4032703401328344
manX	-7.3487
rssB	0.2309077777694191
treB	6.36450335992814
ppiB	-0.40422863828803396
trpGD	-3.4087213142674107
rdgB	-2.888918024407336
mntR	-0.7676430717797457
rpoS	-0.9052163433040118
gcvR	1.318007615561217
ugpQ	4.044704742072198
accC	-1.7944434162553071
baeR	0.5104443113754016
hupA	0.8704315875000429
yajO	6.8959795597467615
clpP	-0.316457008930614
ybhG	2.838397856031296
ydeN	1.9650744961041093
lhgD	-0.5191926862932884
ydhS	3.868568256401647
argP	2.039387364048132
proA	3.539239717880025
bioD2	-0.11506115016811663
aldB	7.3487
atpC	-3.2273545712972327
glf	-5.264725636873739
yfcF	1.795689208669761
dhaL	-0.41418052161152175
tilS	0.86232206434861
dapE	-0.237716619770221
ydfG	-0.8202606640329453
hisP	3.097184905534272
hypB	0.4181198969620225
rseP	2.5790949053286467
eutL	2.156634678675947
ravA	1.7909918833524596
glnB	-2.5461914416680425
infC	-1.2007271588720774
moeB	-1.4291924785164858
xseB	0.9369545561255662
yggE	3.329214202473111
dcyD	1.9144061615390484
otsA	6.558966037664881
tpiA	-3.0520089160934774
prr	7.3487
nlpA	-2.293675296183385
fruK	0.4904749386483936
ppiC	-1.7518996958451256
cysH	-6.0002961860791
slt	5.8681147622110075
menB	0.42134224411380267
ydiJ	3.5991868845065826
ydjA	-0.8720390462463843
sufD	-2.794916370123397
pyrF	-6.945432993080627
cspA	-3.535347019016665
yedE	-1.8489506380585665
rluC	0.7291586539440861
mmuM	2.393265755620979
kefC	1.192298257660476
elaB	5.294340173623525
grxB	-3.1892603617639614
mqo	-1.8915109451690848
yhhA	6.278257702097003
rpoB	-1.0808664840114832
corA	5.758923482623958
psiF	3.947153047147351
qorA	7.3487
dcuR	3.1378397053063356
rnk	-2.5340075489181455
metF	-5.015538588601908
yggX	0.042011914465955966
cysM	-5.156920609440611
ubiF	2.8078724184987056
mppA	5.407175538919494
fabB	1.5773894504034836
artI	1.0790383259763578
orn	-0.18553150145922515
gatY	4.702695349744374
cysU	-3.174584701668395
nnr	6.267081159548204
ompR	5.069417011222755
dctA	5.8536229054026725
pyrC	-7.306776541349933
rpsE	-4.532138439107807
rplY	-2.2347239587627867
yfcL	-2.0071784976072116
xthA	0.041420869755321214
potG	1.3220891485225168
mlaB	0.19965401414957284
prmA	-1.1747318245918799
slp	0.369655637220772
mgsA	0.7857794983885106
nrdD	-0.6840406445135101
fbp	-1.3656112854291156
hemX	2.6111626824755234
ybbP	0.10401960008685893
envC	1.9718501996786355
yciE	5.787423947765577
rcsB	0.22230812695487429
ftsZ	-1.1200488538135465
yqjI	-3.4581171634952597
relB	-0.9919131989482726
glgC	4.2913204070797875
cusF	-3.510018591860192
lamB	0.4770052769001227
tyrS	-1.4366434189838202
nmpC	2.919313207314549
paaX	3.1297009543991625
dkgB	0.5019457435531463
rnr	2.9311923175884664
hslO	-1.516170215448142
ydcJ	7.3487
rpmE	-2.5430175814663385
cspE	-2.417748880902113
gpmA	4.218659210682269
yedF	0.7722869037317457
ndk	-4.5032348807522125
bisC	-0.12376181506222238
borD	-2.1857508779205626
murI	-0.42741362528812843
lsrG	2.432561101197613
hpt	-2.9515424967934796
groL	0.2819899900582085
ybbA	1.8367833553937587
ybaK	-2.0096733848944934
yebF	-0.6374985972286789
hemG	1.2229518692743457
katE	7.3487
yegP	6.435508646858614
ybfF	-1.0071834630659375
lepB	0.9860503004516079
malT	-2.064721987290145
truB	-0.984381562371774
uspE	6.616134515241007
ftsY	1.5967951866438508
tyrA	-6.32431837789125
prpC	0.10185902376631886
zipA	2.0834341150945206
qmcA	3.306138162826238
narL	-2.1802087431897084
recG	-0.024381353952318774
iaaA	0.5050797297483572
ubiJ	2.186320489403616
purT	-5.377661949948251
ycdX	0.04123234970804048
hdhA	5.180139656707104
obgE	1.279488471677437
tldD	0.6691505088053098
msrA	3.16250701055996
glgP	4.13059228824693
elaA	-2.2230874152433855
yebV	3.596364399575805
yjiN	2.880857671166018
rbfA	-1.4644670997014355
ompW	5.684119251288435
ydgJ	-1.0989994175417277
dhaK	4.083846422899316
eutC	2.283682516283548
yecC	0.9268933231324575
tsaD	-1.3713268946994717
infB	-4.285013169456375
ybdK	3.8549069834376835
dacC	6.669439879527454
thiL	0.2863975032173413
gloB	2.3437474324588354
mscM	2.015179382598655
yhjJ	5.422833436382896
clpX	-4.51466014427694
fabI	-0.5688842830046873
moaD	-1.0320728160675696
yajL	0.33724885714905345
dgt	1.8753571326398504
lpp	1.0791574614282409
artP	3.601493716512491
pncC	0.16008015994337077
ffh	-1.6992323845852217
lapB	0.15330701793162804
gloA	-2.1487212735653687
dacB	-1.1940411444701124
mtlA	7.289234467963833
gpt	-4.685389758344356
icd	-3.8439850563622278
yecD	1.859243445391779
surA	3.4229449434047656
ybjD	-0.6085098209086158
ribE	-2.776646000918093
pdeA	-1.651991901990863
pepQ	-0.10295446973175582
lipA	-0.4944231734433841
rsxC	-2.4657110172393675
ompF	-1.3595910140967848
gadA	5.784140799704135
trpR	0.7625294847844653
secY	-0.4019122388060828
sgcX	5.620198518192104
aroH	-2.664023706447415
yhgF	-5.39366515969964
pflB	0.5761031406659988
nfsA	-0.6707020442497027
ispA	-0.007590252232394618
ihfB	3.1831316298351173
gatZ	-1.5489136243951689
aspA	-1.161018886766613
gltB	-3.045980719391669
coaBC	2.956819168989838
prfC	-3.2147684471756603
nagZ	-0.20340982781254804
iraP	1.086306589073499
galT	1.7949952842762855
yceF	4.010871392282147
ddpA	6.601758894640757
rsmG	-2.2249402705960595
ybjX	-0.06108533541973273
ftsK	-2.4124486764907926
zapB	-1.9263898607772318
blc	0.4043142285990521
csrA	0.34863149823259315
purL	-6.252130019409411
ycgM	5.599637265827964
nfsB	-3.749082191940839
moaB	-0.4491642274903283
prkB	2.2345820802329492
pckA	2.9289096248447284
gmk	-1.1251888266713521
btuE	3.605067739657773
yibL	-1.4253507922758422
argB	2.7698112997481656
lpxD	1.67841180406896
hisG	-2.629121233353839
purN	-2.208875592090321
cusB	-1.4617412976281183
nanR	-0.029038090893889597
bcp	-3.4181660283286948
fdhE	0.7229599879498414
glnG	1.5848759087052053
glyQ	-2.347112628828844
yeaH	5.27457031058566
can	-3.3690448675310227
yiiQ	-0.7027949271581377
wecB	-3.9248510130073013
proP	-5.819173676560902
yfdH	-2.1455696086646188
ygiW	4.634789200986152
rpmF	-2.6722467017783718
bfr	7.3487
ompX	-1.6142512475298565
pstB	-1.2600488427413357
pqiC	1.2331426578947449
alaA	3.23246963047539
uvrY	-1.0489435042514483
puuE	-4.339742715194147
slyX	-1.1837131045794302
cysK	-2.3417353799298826
yajQ	1.8838360382407435
mreC	-0.08991006867587989
rimP	0.23687523602081414
rpsD	-4.932775370227967
rplB	-5.328873311337114
fdx	-1.1153221116995
ppnP	-1.9294668352686708
rbsA	7.3487
wecE	1.0817515095394645
btuB	-2.0160879432286656
rluD	-0.8946415264441494
ynfB	2.3295626856674185
ubiC	0.08391777776273102
ybeZ	-1.932298951425255
lldD	3.142981139685844
fadE	2.5313538457803433
nlpI	-0.4331347193637304
glpR	1.2830020358682495
yidA	-4.263024705828109
rsmD	-0.08869156774556651
yfeY	2.786620964028585
fldA	1.8459901330634934
btuR	0.6096997869655189
plsX	2.4094240171970065
nuoH	-0.9995932107346519
ycfH	-3.790586463710742
malK	1.212968496162133
groS	-0.4744948165627263
rplT	-2.4716460328556975
yjbB	1.882903706410866
ygfZ	1.8625295522663283
yqgE	-1.4412273037025458
yhiI	-1.1350933456946934
frmR	-0.6024440448151538
yjgA	2.582910795205395
cysN	-7.3487
dsbC	-3.1979754510750107
yggT	-0.18619510609702428
ftsE	0.7825183053187316
tatB	-0.15092613483525646
mltG	2.900291494051727
pitA	-0.4189531307241516
yidC	-0.2972765169362794
nuoB	-0.3374742590242111
argT	6.513117094815721
yjjX	0.633321325776291
pstS	-0.5446934312501496
mfd	0.20007231979381226
nfo	-0.8405767554645506
adhP	1.4142642432742796
melA	5.513023973205822
ycgB	4.157892973646882
iscA	-6.201817454166324
rng	-2.766915850306477
ghxP	-1.0917917234023184
serC	-5.792437348516773
corC	-0.8961216388160279
dcuA	0.4511012761704261
sucA	-3.177767089542466
yggL	2.757617368575876
pepT	5.122283781509981
yegS	2.9465611183464313
fic	0.8626184969193724
moaC	-1.3245440188317923
yedD	0.46482328116383825
osmC	7.3487
aldA	7.3487
gatA	-0.34037249705199835
infA	-2.3801801679791112
rlmI	-0.5972237445953031
nemA	-4.2524067470841365
ydhQ	-3.014821278796501
wzzE	-1.3321868473289795
fucI	4.837068360210388
kdsC	-1.699722374118801
pldA	0.5758792851582238
prmB	0.2058951360053333
rfbD	-3.17849010434352
modC	6.24969625104608
asnA	-7.3487
pgk	0.7557752970607567
trxA	0.19191302128474233
pssA	5.491975332126669
malQ	-2.784773132292632
dppD	0.22808410607688165
yjjA	-1.129536779402279
hisH	-0.13175374977349494
cysJ	-7.127509045216315
malM	-2.2697418155326146
holE	-0.5982573106389387
rplA	-5.083362005680374
nudC	-0.23965328525800803
yfdC	2.93177043848581
gnsB	-0.10775607518838597
folA	0.7060293265199538
pheA	7.3487
deoA	6.436993886540505
ung	1.247100645321886
atpG	-5.345480571065027
ahr	5.635681373196454
upp	-7.00102633187582
cyaA	-1.4994023827616016
grpE	-2.471686602953754
ydcS	7.3487
pgi	-0.9167850610935817
ybdL	0.039853465876362106
pdeK	1.2338382290790957
mrcA	0.06641156301766374
ybiT	-2.363704610077104
accB	-1.444846455122449
emtA	-3.030877177365572
mutS	-0.5618599612657781
malP	-6.708526845558928
mhpR	4.256246566338533
purK	-2.555651466592702
deaD	-7.3487
matP	-0.4210125875111858
nuoC	2.1171159567212894
mreB	-1.8326503504845564
ybgI	0.9595038082500598
mscL	2.690952445185644
astD	2.266227227213356
ychN	3.0406120636007476
rplM	-3.9128360359396215
tdh	2.5197355388928693
rbsB	6.4746540938873105
uspA	4.116523620359049
rsmI	-0.9495555090385754
ppsR	1.068477995732304
udk	-3.2917431694306307
yqjC	1.5056208380125644
tolA	-0.1779648391207083
fdhD	1.256643191756496
gapA	-6.45769651155843
entF	-1.5648091282707108
dnaK	-1.2763186325433074
rpe	0.5455479654247868
ileS	-4.258581827515382
tsf	-4.776459472446026
argF	0.99657588763071
pspF	0.45531333506147686
pheS	3.854075676296027
yraP	2.0600086523995795
ycjG	2.695960960608069
yehX	2.6194220488704936
pykF	2.2043681701994826
tdk	-0.9438737416695206
galU	0.9356602873066258
murC	-0.1279641814631085
cysD	-7.186849403603973
lptG	1.5931153932735003
waaA	-0.6205451957845423
leuS	-1.2360770265900347
fadH	5.420795815954976
yqjH	-3.1122329377618
hemN	0.6111474293950968
ugpC	6.51866600978992
ilvE	-5.901570367168009
aroK	-2.877867062822147
gshA	0.6680671165038117
yaiA	1.5862746374752137
yjdM	3.1710756833068996
eutD	-1.5264589503637573
yigL	-4.138711273601111
def	-1.0537834017194245
yigB	-3.9139723457701256
usg	1.4749900969825331
fkpB	-1.8459076481397056
coaA	1.2581682781603198
thrB	-6.713921395794239
dcd	0.5581728471531314
nadB	-3.1259030950015343
guaC	-7.3487
yggS	-2.646859359177824
tyrR	0.005271794422893192
glcC	3.9563893789882845
rcsF	0.8573840694134953
rspA	3.330539995215127
diaA	-1.1269829784847967
murF	-1.5286794147310376
cra	4.214982555223095
galM	0.5229301205022088
ldcC	2.714825304696605
yghA	7.3487
gltX	-2.934980342376233
argH	-0.8730958103100928
argS	-0.7156471273030531
yhiN	-0.43987455973241296
pncA	-1.0493870846841045
hpf	3.30856732031837
yajC	0.7618133229654999
ilvA	-4.95274925767946
sdhB	3.977405963574315
ygfB	0.12980068091224756
aroF	-6.085796559850184
rseB	2.9034062169405446
nuoI	1.3143349642680662
yrdA	0.44972516213743935
ycdY	-2.1119621215416915
ilvN	2.9140200402548944
rpsQ	-2.132270827591929
murE	-3.740359330804759
ysgA	1.0053658286955829
pliG	1.4087685062059887
radA	2.258967073996438
yebE	3.393586279680724
mglB	3.5018829678721644
birA	0.957272914372946
thyA	-3.0232390008201255
psuG	1.673402717641401
nagD	0.45766860789916575
yifE	-4.358787751118623
yjbR	3.827398734865498
rcnR	1.1464715071942688
yghU	5.533327716678008
modF	-2.4505847743941476
guaB	-6.144710085018418
rsxG	0.17341684026030615
rlmE	-0.18998734263362543
gcvT	-5.497362031639795
ychF	-6.005448156294598
ushA	1.6496715727768134
glcD	2.146164052388411
pnp	0.2978042410864805
ubiD	2.9234126710825215
fabD	0.4715786823429398
sufB	-2.7789384721189268
narP	-0.7491770101297996
crp	5.770962181934908
iscS	-6.831820865992988
glnL	2.666796909240421
cysQ	6.502501901619418
argC	-1.677671542103451
phoU	1.9110757443834794
arcA	4.288045637822075
fabG	-1.0335656075920132
uspF	7.007894645677928
hflK	-0.1347377636445541
rimL	3.0576423942979662
ppx	0.0403982683175849
ubiE	0.5927189825372751
yccJ	2.9583579019961603
gshB	2.2383724759014116
sspA	0.9493191536326712
lpxM	2.591541336625658
ilvB	-3.3547916950335765
ydhR	1.69790257290143
ppa	-1.455463790695672
relA	5.270042577439854
aroE	-1.0938049295489187
yeaY	6.292824748816544
tamB	1.5872094348141055
yajG	-2.142383357301062
pepA	2.5882144970988805
manA	-0.8680042498636229
tktB	7.3487
ytfJ	0.9832254718368906
fepB	-0.2480080408819644
ldhA	4.175527841225667
livJ	1.1220695530972755
crl	-4.846589240933115
loiP	2.1131746509288325
livG	1.1560447756019598
ycfP	3.0892982857978515
potD	-2.2135899339889287
araF	7.3487
entE	0.6634809714235881
yidR	-0.47215129417152973
hcxB	-4.842874590216534
tam	3.9058680727996924
murP	0.1538683474652402
yegQ	-2.5221851811849274
entB	-1.381503376744706
mraZ	0.8253084100204467
yibN	-0.6206565921113282
cfa	-0.9968879611605848
dgcM	-2.7178303441042635
rpsK	-3.9036921773228235
cysS	-0.30905743077422415
yfbU	0.44463175485413214
pfkB	-2.4173972105560426
trkA	2.4820061075101947
yadG	0.99000781441263
ydgA	4.669899207343039
cpoB	-0.1748695623983326
allE	2.393858077293706
miaB	-5.483752566679372
dnaN	0.5512214605500767
ompC	7.3487
puuA	-3.5828204734914992
lsrF	7.3487
fadA	6.402853253844709
dppB	0.9337952604497204
fdnG	-3.3607405030574387
ibpA	-5.681878533246197
ybiV	-1.5834572130255071
yfiF	2.909903458496493
apaH	1.3876353558938126
murG	-0.09414475589501807
rplI	-4.407734860737097
ydeJ	5.075796179651833
helD	-0.37746327240486865
yajD	-1.6781677497524066
purE	-5.3471365702883435
mlaC	2.235923690403989
apt	-4.671976798086193
yoaE	-0.453375676986538
arsC	0.6603757852025602
gstA	3.3112029707923263
rstA	0.052272227286263316
ilvH	0.16526522242258984
lpxA	2.0754214697223197
aceA	7.3487
ppiD	0.5029046908247017
tesB	1.7967575277575905
cyoB	-2.6896889457701034
lysU	0.9189880719926162
nadA	-2.9562095690803165
cpdA	3.219709759456348
puuC	-4.702933019245271
nrdE	-2.553762451680075
dmsD	-1.2435164583844067
lnt	-0.6098945195163848
yggN	2.5888450343580973
ubiB	0.6994853531405303
sbp	-4.660545626015779
yccX	5.3512084904935895
rplF	-4.215616341327185
gmhA	1.3912814629560966
bioB	-2.0354207967979154
eco	1.894653227617432
pyrI	-6.8903010562698075
msrP	2.418197105023777
ybaL	2.486839912436223
tnaA	7.3487
mlaA	1.1054599884442173
nudJ	0.21753821540303725
rmuC	0.9521912456172867
iscU	-6.628403499694438
argD	4.769165844672834
ygiS	0.8278592795483704
metAS	-1.8732694352127512
fhuE	-0.6421544007647182
yahO	7.019225352719276
aspS	1.2806988712283012
rarA	1.0253920155405978
slyB	2.2903997252562234
rclA	5.374811592972392
ribB	-2.7731405426429196
ivy	2.756264229585029
yihI	-2.447942617454248
alsB	5.715944750041617
yffS	1.0604770133567865
otsB	3.3947046095452063
yfhM	5.912823141792258
uvrD	1.8295244477193615
rpsH	-4.192229368042648
bamA	1.1553079587106105
mlaE	-0.5246528206969617
potF	6.012800708335508
uup	-2.49401447079929
metG	-3.8429648088809722
dsdA	0.19746142884569093
ymjA	2.625777716546191
yebY	-0.12033597856888019
polA	2.222752625389322
yebT	3.5633343543868095
cirA	-7.3487
rbsK	1.6750583715137128
ilvI	1.5652977869549674
acnA	6.980636886210572
nuoF	3.540480609893321
pyrB	-7.279164573037755
nusB	-2.572041549989956
nanA	-2.35168223965609
rho	0.28624908226765927
emrA	-3.1602618680170753
cysI	-7.022322239645252
nanE	2.2903070711848508
exbD	-4.288988491545205
astC	6.733785135891347
pflA	4.204026514784949
rplE	-4.442650514510218
amn	2.6261870566271632
pspA	-1.5744591851009146
gcd	6.330800565868729
cysA	-6.820582472972321
mipA	-4.505316722859426
ydcF	6.249366213981793
msyB	4.648564805267594
qorB	3.7699863529416127
ybeD	-0.4079116658836436
cspD	2.167517761508993
plsC	-1.4526827120934154
murD	1.9127895617325412
mdoG	1.3289694103658898
lasT	0.35896009770348936
galE	-0.11913509144842478
sspB	-1.299494759014232
rob	4.244162903768222
pepB	0.42296412077713663
dxs	0.8185983881704303
mdtA	0.043129958944821564
truD	-0.30463420240103606
rraA	4.328222013504288
nuoE	0.7608531850683852
asnS	-0.13392618061485598
yehZ	5.41023713895445
cpxR	5.829945843042288
lysS	-4.9044749538061
nlpE	1.7644362465109498
rsmE	-0.8277145473240894
pepP	2.6639548937503257
deoD	1.0063937285936915
hprS	0.24853828316011892
rbn	-1.5441552229184106
lplA	-0.7491564987096424
galF	-3.3140954455617164
fruB	1.0242498462617349
panC	3.0699665007511823
flu	4.738267357808977
pdxJ	1.2615872720188743
fucR	-0.16856406360467852
rmf	4.2302914454346014
hha	-3.6943556078960897
nadC	-0.4309504969791727
glnP	0.5331296278810993
ftsA	-0.9284554612161401
ribC	-1.529776750228726
yfdI	-3.658497818044354
secB	-0.3429211688977687
ptsN	1.268135806702334
rep	0.45530811175851593
ubiG	-2.6974490742697403
citD	0.8601050589456445
asd	-7.056168633577487
aroC	-1.172577172780915
speG	0.22518777852588792
yrfF	2.967662178438304
ribD	-0.5410397985555679
tonB	-2.489088234784112
slyA	-0.7746859813643833
yfiH	-0.8323480956958286
yejF	1.9743386397824951
yidE	1.1095993441827627
rpsT	-3.1693691915938933
speD	-1.729257206693291
yhjE	-1.8888056892694236
metR	-1.3889875545362493
ucpA	4.541490356057899
zapD	1.4032179394875515
arnA	0.29054970144911246
rstB	2.2603600710317537
yjhU	-0.9767618525716566
gnd	-7.3487
mdoB	0.31984740915123944
rpiR	1.4769918831811304
manZ	-7.146713011398058
aidB	3.3627985959599065
mtfA	3.507963572462019
xynR	1.3575353381271804
lon	-3.8523149626262927
proS	-4.785827643686693
nudK	-2.512795317376326
mdaB	-3.058584324397389
hdeA	4.395601487969376
lacI	0.6339921539309509
yeiG	-0.42531560948963304
puuR	-1.0904251267445402
trmB	-0.9591731730190283
uxuB	3.7619783909172324
ygiN	-0.6295406308786718
yiiD	3.861458121635291
gsiA	0.6918738622761293
wecC	-3.488509680030571
ycaO	-4.00584918026468
exuR	-0.09010499258770492
aceB	7.2478221646086505
fpr	0.13904110503914413
ydhF	5.467622848507436
engB	-1.9189720725146289
yafJ	2.474973203845168
rplR	-1.2290313750461686
csqR	1.1333493161211423
dppF	1.5616154723782258
dedD	0.6829867827760439
pepE	1.516114024028855
yagE	-2.177684055281081
yraQ	2.0228615220225286
yejK	1.9768229399574557
yahJ	0.60467225494284
trpE	-1.8078103802306127
mlaD	-0.15003008637070472
lptF	2.804601014407604
yodD	2.9157118799556714
rpsB	-6.0817288183336995
gcvA	3.230219213836751
yciT	2.025012672992581
sucD	-0.9006682727383072
menI	-1.4458366644526706
ybhC	-4.419534162157056
yfcE	-0.2122444101633076
pta	5.153245997066642
tsaC	-1.9818363836667232
yciI	0.2944457029602101
nadE	2.2376806967028093
metN	1.0696086065154617
fkpA	-1.2184827165192011
luxS	-0.23021830992213912
yncE	-7.3487
mnmE	-0.5953261485717638
glnA	-0.5174276273931894
gdhA	-7.3487
ettA	-5.820689638587858
yihM	-0.3897845991571353
treR	2.3061333631114334
yehS	-0.16217646252517257
yedI	0.9714515937162114
dinJ	-0.18534251363722457
bolA	1.3046963259747422
lsrK	2.214531951133928
ampE	-0.7621005409950667
dsbB	-1.0840264776599895
bioH	-0.33393434396235144
alr	0.4508101243685069
yhjD	2.6486661127813087
ispD	0.6727797869657941
yiaD	-0.8938605113540539
trxC	-1.0524653508326176
slmA	-0.6718357719273894
csdA	1.1146510149326596
yjgM	1.5047736009840393
menC	0.3044443315127332
mltB	-1.1952227814374272
rimI	1.296814175224515
ratB	-1.607247891900218
mpaA	2.4486016060241904
ybhK	0.18527387731894543
mraY	-0.85598646053833
sapA	2.245500231717783
trg	-0.316277707578955
insH5	-0.5802041120693061
rffG	-1.595721041623997
yncD	1.577765225820603
baeS	1.7279343223884183
flgH	1.986300204129427
ybbO	1.4520925142883627
cheY	0.99465751490587
ygeV	0.6531889584862899
ygdR	3.0086645096401297
uxuR	-1.9953933101678247
nrdF	-2.4967824248128974
pqqL	-1.0605729981673586
ubiA	0.6249559034946874
recJ	-0.765287134769773
cueR	0.028830218517740515
ybaQ	-0.7827659563465363
proX	-1.8500968021717765
gntT	1.5043010613829058
sufA	-2.8095091568045474
oppC	-0.5996495863145479
panZ	-1.365805562572272
fis	-4.649192491633775
fliG	0.874733842563532
kch	-1.6571313812814605
lolC	1.1372153925890998
fliA	-0.4001419281734129
cyaY	0.11411127691543399
rof	-0.972565605022522
gudD	0.8560064627566839
ttcA	-2.128414734580364
ybhA	-4.535323295145255
entA	-0.5475513533264015
cutC	0.6216538414195905
murB	-0.4066432861448301
ascG	0.7721686229933231
betB	-1.4507714098051485
cheW	-0.13100944951398436
cvrA	0.10892823626437607
yaiL	-0.7537402933597267
bamE	1.1196181069284168
wbbJ	-0.8611218890335812
sseB	-2.6938595294157683
hsdS	0.8563042780322079
gnsA	-0.8557224577262471
ybjQ	0.5680514983389829
mqsA	-0.28890390246983944
nuoL	0.6486304397825122
codB	-6.263927584245581
rpmH	-0.43776436610664016
yceB	-1.5738218319980617
tar	0.7293818521825981
tsr	-0.27314668531373576
yegW	0.2623735593957279
hemH	0.2797312688156722
tolR	-2.047305452008096
intA	0.45677861569796985
entC	-3.3799027628727076
yciH	0.36113303355721227
xerC	-0.19677962021846673
miaA	0.15223701556717642
yggW	-0.11177728320980798
rnt	-1.1335103434938416
ccmE	0.3398094910131667
nth	1.78661336549347
pdxY	0.10673401079978624
trmH	-0.41656037206389496
mnmC	-1.017528059893419
ampH	1.273050845045919
panD	-0.6603955922793685
yhdP	3.090232306167813
ampC	1.2212272221055693
yigA	-0.6173559048283787
pdhR	-1.1146510149326596
mnaT	-0.8221351188174142
dusB	-0.22497335831381154
rlmF	0.0
fetA	0.39207878804514945
uhpA	0.5519246194393377
ade	0.15992655565107283
yhdE	1.4890131931511432
sufE	0.29892142409085726
nupG	0.690308823933034
xylG	0.0
tusA	-1.7449130810524889
uhpT	-0.6744897501960817
nudL	2.6120541412292777
nanK	0.0
tnaB	1.3594627454182584
garD	2.1083583991691093
atoC	-1.6953977102721358
rhmD	1.6849407678719146
ytfR	3.6340562442162176
yniB	-0.39072570019686986
yjdN	1.6448536269514726
xylH	0.611301497195671
yaeR	0.8632500515934206
nadK	-0.14463381174882106
sgcC	5.674985998234836
rlmD	0.5636387639106245
yraR	1.17498679206609
rfaJ	-1.4186537061727382
glcE	2.8070337683438042
