metQ	3.276345342543243
uspA	7.3487
luxS	1.717946612690823
lrp	4.253166616672728
dcp	5.872754744068017
pgk	-0.9852954867089481
rraA	4.579968301117525
gpmA	6.578235393558343
oppA	2.057415418870097
ompC	7.3487
ybgI	5.476793276189697
yeeZ	3.444320829789367
leuD	7.3487
mdh	7.032455345568912
bamC	2.692917037092976
gstA	7.3487
crr	1.172185375641166
pepP	7.269356241634414
adhE	0.0756771815856648
pflB	7.3487
acnA	7.3487
gltI	7.3487
gltA	7.3487
ihfA	7.3487
nadE	0.5073400863098079
yceH	3.360372508809848
icd	5.95513224880473
fliY	4.728944783390809
artJ	1.004705260182557
clpB	7.3487
livJ	7.19051460262946
copA	7.085091259388718
potF	7.3487
katG	7.3487
pliG	2.590211089508147
wrbA	7.3487
uspG	7.3487
qorA	7.3487
katE	7.3487
btuE	7.3487
tktB	7.3487
yggE	5.147564219284047
ivy	3.749826314112105
fbaB	7.3487
osmC	7.3487
argT	7.3487
osmY	-1.082189110240877
yaeH	7.3487
ydhR	5.432554510677466
moaB	3.127859359312802
bfr	7.3487
grxB	2.512012683672463
amn	4.836925166808763
glgA	4.963237865162405
yqjD	7.3487
ycaC	7.3487
yahK	7.3487
degQ	5.078054628806025
uspE	7.3487
aceB	7.3487
cpxR	7.3487
aceA	7.3487
yahO	7.3487
dld	6.874903144146376
elaB	7.3487
yeaG	7.3487
yghU	7.3487
pfkB	0.566501182520139
yccJ	6.766884471988808
ybjP	7.216737099622154
cdd	7.3487
ygiW	7.3487
pgl	7.3487
msyB	7.3487
chrR	5.386869953267649
gsiB	5.169357254773677
gsiB	5.169357254773677
osmE	7.3487
ysgA	5.999196427144292
kbp	7.3487
hpf	5.057886611080209
ygiM	5.847481528946449
nagA	7.3487
glgP	6.957465480730597
ihfB	5.366753101179471
ybiB	4.920136082731259
glgC	4.957057129221398
yjbR	6.452523613064431
ydcL	7.3487
acuI	7.3487
ybaY	6.443066930034926
yeaY	7.3487
yiiM	6.257005831734382
dkgA	7.3487
ppk	5.150795734826417
mraZ	4.136729450209606
curA	7.3487
yfcH	7.3487
pepT	7.3487
yccU	7.347140496420717
ydhF	7.3487
ypfJ	4.668463740858656
uvrB	7.3487
msrA	4.639909088930532
yqjG	7.3487
ybeL	7.3487
dacC	7.3487
cysQ	7.3487
ymdB	5.510763979949222
ynhG	4.96130759973463
talA	7.3487
yciO	7.3487
hdhA	7.3487
sufS	1.964323064105826
yniA	7.3487
yjdC	7.173384568639936
bepA	7.3487
ycgM	6.480008801011476
yfhM	7.3487
yjgR	7.3487
uspD	4.746007843005972
glgX	6.580986164318251
ynfD	1.638617255351093
nnr	7.3487
cpxP	5.530905955503135
yeaO	3.976406562806408
psiF	5.710162061062329
yhhW	7.3487
yhjG	7.3487
yciF	7.3487
yiiS	4.348136651558371
ddpA	7.3487
rimL	7.122741236912728
gadA	7.3487
ybhB	5.319158597484658
lsrF	7.3487
slt	7.3487
yibF	4.922118614515756
erfK	7.3487
mscL	4.144545700817376
glnD	3.268399255416939
ydiZ	6.828489159844072
yhhA	7.3487
ybdK	7.3487
yegP	7.3487
yiiD	7.3487
pdxI	7.3487
yaiA	3.998628345069383
tam	7.055652139514064
ahr	7.3487
ggt	5.251453670767508
slp	5.268128141973607
yghA	7.3487
hchA	7.3487
poxB	7.3487
yehZ	7.3487
xylB	5.620578880213042
otsA	7.3487
amyA	4.135745133140784
yajO	7.3487
yhbO	7.3487
sodC	7.3487
nfi	6.184107902654158
rclA	6.151926489933834
deoA	7.275471881950218
leuC	7.3487
cbpA	7.3487
rob	5.581468275748617
lpp	4.346120568182748
ppsA	7.3487
dps	7.3487
yodD	3.270711094212372
trpR	3.741706722156575
gldA	7.3487
argD	2.969294195280066
dcyD	5.538838718569898
tolC	6.896827786685473
yebF	4.745536021808271
ygaM	7.3487
yciK	3.649022726531053
baeR	1.020947512562573
hupA	5.117070405080233
pgm	7.33381676883138
tas	3.158717087176361
lptA	5.266033840983293
iaaA	2.647390901955467
yfbU	0.9444953452966802
serA	-7.3487
moaC	-1.062060146024703
ydcF	7.3487
yhjJ	5.703887642883382
tpiA	-0.7060328607677315
sufC	-0.2194204171347432
ushA	5.538782566884229
tesB	2.764903209514714
yceF	7.3487
gcd	4.498726320268686
ydcS	7.3487
glnH	7.3487
lpxC	6.423153351688332
glgB	4.337498138520692
dapB	-5.213037785304357
yhbS	5.573119725087595
prkB	5.665450984677891
sra	5.170773004986897
yceM	5.368081593268681
sodA	3.191856699908382
fadE	6.544162050641902
flu	5.904224631754086
mdtA	2.876588356293602
deoC	6.290596050922075
yegS	4.534048633632299
ycgB	6.083460806743451
treA	7.3487
yfeY	3.377089922594191
cpxA	5.182356854522041
yicH	4.690884619452845
asmA	5.428154305475401
uvrA	7.3487
gabT	7.3487
yibT	1.877805447412164
plsB	5.232785609400112
gabD	7.3487
sufB	-3.540447224537194
grxC	4.726496362612388
sufD	-2.617062767961519
ychN	7.102490668977697
ahpC	7.3487
slyB	3.439199025243059
aldB	7.3487
yciI	1.024901231408501
uspF	7.3487
ydfG	4.559921179271813
glcG	7.133090152448359
hisJ	-1.1671620769529
dgt	4.991449928015003
yqjE	5.367705486128316
yqjH	-0.5131033584754349
udp	7.3487
mtlD	7.3487
yafJ	3.659964322683065
cpdA	4.920868157564497
rcsF	1.200684442877711
ugpQ	7.3487
ygiN	2.161491846053895
nagB	7.290170527464856
rodZ	4.17770706741896
leuA	7.3487
ugpB	7.3487
ompR	7.3487
yidQ	4.063215958410827
ygaP	6.388028635344455
ompA	-4.126704736966853
mrcB	3.592456750128318
glpK	7.3487
yecC	2.347218302553184
qorB	7.167713293545458
gstB	4.367428569995044
yfcG	5.855899342702625
ecnB	3.457099867468985
potD	0.9677800413555036
rlpA	-0.2232214679458418
fadJ	7.3487
rbsB	7.3487
tpx	1.574831266122056
hisB	-1.586743863066099
yidR	-0.1852474624885643
pcm	3.254067319624351
kgtP	6.596778803301374
fpr	1.572034129290133
can	-1.776951989229085
yjbJ	7.3487
degP	4.299817480626404
mug	2.545921612615625
ygjR	7.3487
ompT	0.8001527436098503
yhfA	3.50797938700065
rpe	2.705968177400837
yfcE	0.2599779925663296
ydgA	6.114956466173457
loiP	5.819231309586673
rsmH	4.528982187020324
lptE	2.05172310804454
ytfB	2.805861249312211
pepA	4.246089264651903
yfiF	3.038521526712915
ppsR	3.188728913401505
yraP	4.162387453555246
fadI	7.3487
eno	-7.3487
skp	1.334231626083812
trxA	0.2896132663216204
rbsC	7.3487
yeiG	3.991714475710515
adhP	4.245260013046106
coaE	3.29487824149435
zur	3.126481250865807
gshB	4.430401026550403
minD	6.961705165439639
sseA	7.3487
adk	1.752381447758447
lptD	4.499269521210415
amiD	2.856948896992095
roxA	2.699679408081129
aceF	-4.113045140546708
panC	6.33505554505458
crp	7.3487
yfiH	-0.1438938325724982
argI	0.2995161656403808
moeA	2.842415624155554
hisB	-1.586743863066099
gpr	7.3487
aspC	1.739013144461969
groL	7.042495386192709
nudF	5.203413304385007
rna	0.7691524495939237
rcnR	2.633034003829748
yejM	4.383461562506086
mak	7.104514364876213
sohB	-2.703374564271591
argP	2.15355598362048
yggN	4.258625017025159
fbaA	-5.926549903748098
rof	-0.6289184125926195
pepN	7.3487
pheA	7.3487
frsA	0.9606112789917666
gloB	6.853595305785783
lolB	1.600916115652991
yfcF	1.627181102487773
gloC	3.911469244964438
agp	7.3487
murD	3.908647416963495
lldD	7.3487
bolA	1.233043549551963
yidB	4.332538519616039
qmcA	5.844887245637705
manX	-5.024966267596015
zwf	1.895629617609005
rseB	4.000772992373691
yhhX	-0.9380525546600831
fliC	2.663418942014145
yjeI	4.244691960306965
pykA	7.3487
prr	7.3487
mlaC	4.130847966791978
cmk	1.298618296732803
moaE	-1.960462473332948
rpoE	1.123560305388959
manZ	-5.736814073803838
pdxJ	3.14542547400585
ldhA	4.185603564055227
yicC	2.063024565843007
hemX	6.158097247780183
deoB	7.3487
tesA	2.986341212155751
tehB	-3.90956445078859
fepA	-5.35652146723027
asd	-7.3487
proA	4.666542474420689
ygeA	5.500742440012046
gmhA	6.236023511921899
lpoB	1.342799663711795
pstS	2.374799976344625
degS	1.05051286514382
btuR	2.923084040984149
lysC	-7.3487
yjdM	4.641606512619492
yecS	0.8841213072466492
fhuE	-0.4418866036887577
mmuM	2.720994850681482
fumC	7.3487
entE	-1.471454150714885
dcd	3.975738697648942
fucU	2.019618966395379
yjgA	3.483288785647722
leuB	7.3487
ilvG	0.116233485612607
rcnB	3.327597990077191
ptrA	2.529377965031595
xseB	2.724502324243798
moaD	-1.375709798665712
mtlA	7.3487
surA	3.277870476819372
tolB	-1.789891912440436
spy	7.3487
astC	7.3487
mppA	7.3487
fadD	7.3487
pheT	1.394495013593209
proC	4.800598908425114
zipA	2.277833688819852
tnaA	7.3487
yggX	0.8123960266006237
ybfF	1.424500037776719
ycfP	4.730963003403322
ybhG	2.814094576732727
yceI	2.2016587066689
ilvH	-0.1217003395779641
tabA	1.593375510155866
maeB	7.3487
dhaK	7.336071719739626
nlpI	2.735258579776312
fadB	7.3487
corA	5.276641090129384
galU	1.405576828933781
arnA	1.095270519654237
pdxH	1.097229084723182
yhjD	3.556038146047817
envC	2.905123794512404
pqiC	2.474635679354082
entF	-3.989940111491385
murC	-0.8510364523537681
ydbK	5.61138092440586
hinT	2.83668855323022
artI	5.683821548772672
hemC	2.229486395548875
mltG	3.705745506788364
yqcA	4.241115693512783
yebT	4.106085449699759
rcsD	1.127818764356692
clsA	1.478118832992427
yecM	0.1026455950092211
yehX	3.006540199969948
pepQ	6.244833398396866
anmK	4.348528531527662
thiG	0.2980511096600182
gss	-4.049738450162019
hldD	1.585042303953501
mscM	3.067776619406343
gpsA	4.944805689667987
serC	-7.3487
damX	2.993250152695105
fadA	7.3487
gntT	1.520797519504986
ppiA	2.056231786041728
rpiA	0.8843546760640316
slyA	0.850507118121578
kdsA	-0.3132772226034801
rapZ	4.172700254467131
cheZ	6.272026486555783
murF	-0.4699271342996629
pntA	-7.3487
fepB	-0.6853838501909644
ilvE	-7.3487
gapA	-7.3487
msrB	5.774837526758043
yaeP	0.8631046712083312
rnr	3.27935264104435
nadR	2.076030076341895
cydA	7.137033012926846
ilvB	0.5494181218131735
prlF	1.823275665880003
relA	4.843369937806687
ppnN	5.246720220468784
pykF	-4.523046893609063
bcp	-5.557655326008925
tar	5.7120664566583
yciC	3.296008645715943
yqfB	3.336179809942397
iraP	1.425474527253783
cysK	1.288311240432017
mglA	7.3487
aroD	0.1390947631793566
cheW	4.066757148397731
uxaC	7.3487
pta	4.980234543486379
argE	-3.364882305604719
yncE	-7.3487
arcA	7.3487
nikR	0.8897093623263483
dkgB	2.146533354126311
uvrC	1.223110761746738
metJ	2.335797675615551
ilvI	1.532094528032128
fadH	7.3487
hemY	3.72358035952779
tap	7.3487
ybiX	-1.828992680666614
pspF	2.727424306122411
ygfZ	6.459951172637084
ybaK	-0.8641359348823522
pssA	7.3487
entA	-3.605815348739275
glcB	7.3487
cheA	7.3487
fruA	1.998599951429302
hisG	-5.881189782520975
dapD	-7.3487
yggL	1.557573578005974
pyrC	-2.089534087709126
hslJ	2.1320832908065
ynbE	0.9929840513022816
chbB	7.024081779541529
mltC	1.688357198049962
mfd	-0.1555708476685266
yajL	0.8690261335126146
zntB	3.357975442925574
yeeX	-3.224419659254437
argB	-1.618603282722375
dppA	7.3487
rbsD	7.3487
lolA	-2.057893193338976
yajQ	1.039382626295968
purC	-3.511796388229101
ftsN	0.6895806459066068
ydgH	2.419901821895956
frdA	7.3487
phoB	2.204915996667427
patA	0.3779578389957279
yifL	-0.2562811684729995
fadL	7.3487
hupB	6.40654967718357
glnP	1.07185706648819
rpoD	4.396648915620671
ptsN	2.372662509293688
cra	7.3487
recC	3.139933300158911
lpxB	3.898120612952196
galF	-2.278526807355316
ssb	4.149509650847493
cpdB	5.937738820690168
nagC	4.301543593212275
pgi	-1.472034225174276
gnd	-7.3487
acrA	1.025044029976836
fsaA	0.800964977562766
atpE	-0.3646808403144872
ubiF	4.156373209329202
aceE	-5.198436087159798
nagE	7.3487
tdh	5.610510622859051
ispD	2.036832499675068
gor	4.422951927830411
pepD	2.339266475311454
thiF	0.469797072952147
ravA	3.938764001924743
mglB	7.3487
nlpE	3.823878975280828
panB	2.949350492389432
apaH	2.743346217940284
rlmM	1.607648142801765
hisP	2.39711940426452
trkA	3.674075470939353
coaD	1.094955880499996
pheS	1.808625478698396
glpD	3.329164523860829
nmpC	5.832421302006348
tyrB	0.7366545440839439
yhcB	0.6689982586006159
sapF	4.111314875147295
glnQ	4.672174715443183
pyrI	-1.30521032205399
trxC	-0.4553234159104412
ispE	3.200877699937022
gshA	0.2945232420589483
fldA	0.7740738878300988
yrdD	3.995563960638208
pqqL	1.543124249113921
gmhB	-0.1553929594482646
pckA	7.3487
ycgR	3.817131542436308
hemD	3.817884977796559
pflA	4.95047015136134
cheY	4.966345693522666
ycbB	0.5782566810976985
rng	-1.955775558450352
dacB	-0.3357666074696118
mnmE	2.434259894523816
eutL	3.703890261888131
hcxB	-3.569185121276153
sufA	-3.288167754664483
csdE	0.1068457430041401
psd	2.70336302939724
mdoG	-0.5601931467828146
phoQ	2.889414975711902
yecA	4.267716147808219
narL	0.4206050871816147
ppc	-7.3487
macA	3.270838833110275
mgtA	5.408625376831997
tusA	0.500636192731174
lptF	4.036559334496503
orn	0.6321902961713889
lapB	3.064463189508396
pspB	2.314110949400418
plsX	4.539994370295002
aspA	4.100945636257694
ptsP	2.424460172060352
yjjV	1.078438269538544
aroE	-0.6818470598765963
lnt	0.5775803645962655
dsbG	0.3443217448511572
mgsA	1.555924286386858
thiL	1.648441631678135
rsd	3.50626375194526
gltL	2.890649416262834
prmB	0.7708377019637905
msrC	-1.542291018087089
cydC	-0.227607092505743
pdxA	2.933198840417943
murG	1.467326928314889
zapE	2.070109880906825
metAS	-3.169512916952515
matP	1.532684459308538
gcvR	1.943337904210913
znuA	-3.560796218939289
yffS	3.98319715612
menB	3.66380513790345
yiaF	2.023654593615099
nudC	1.573455803161898
pdxB	-0.03184305882148519
potG	2.375731573882649
hisC	-1.340361945075775
stpA	-6.494404671321282
ycdX	1.11745466266717
ynfB	4.057055281410654
ybhL	1.202521295096226
nlpD	1.344959718524755
alaC	3.09261710203972
ydjF	3.99755249638384
mtnN	-0.3113650542304098
mdoH	1.878684840207921
cca	3.257354378283707
livF	2.62957907063449
ppa	-0.1561904421728488
lacI	1.160375006080731
gnsB	2.198503137308056
hflX	1.882954027407863
surE	2.464179957731627
lpdA	2.477003532900976
yihX	6.586219950877659
hxpA	-0.8140892170609629
tamA	0.9891916895504248
traT	5.406128907475077
lolE	1.314242152918329
raiA	2.358412315048355
proP	-7.3487
yjgM	-0.08935837281275864
alsB	7.3487
selA	-2.86997973031383
hfq	3.672976895724644
cdh	2.696844260878125
yoaB	1.712385220305808
ftsX	1.812442254544907
rsmI	-1.340116815839902
dadX	5.640664039934717
ycjF	3.144955701404357
sapA	2.473670908850451
gntR	3.269993264932055
modA	7.3487
yiaJ	-0.2821168097337244
ubiD	4.891872905353114
livG	1.391034617131675
lrhA	6.073605077088173
ydjA	-0.4436915273670756
gloA	0.989351483492675
cbl	0.2903005819019377
phoP	2.276506933506991
metI	-0.2356317332288083
yedD	1.967515468214916
fldB	-1.190850356690235
ridA	1.363374280262811
yddE	0.3400914336928289
phoU	2.981294063824812
rbsA	7.3487
rimI	0.6909760373249386
yceB	-2.022610012683614
kdsD	0.1695569652123123
pntB	-7.3487
bisC	-0.2487280448764528
srlR	4.041398228981229
cnoX	-2.039740043356391
rcsC	2.389651325041874
sucB	3.716266619156421
hisH	-3.040420330667688
ycbX	3.416869153681138
zapA	0.4174592939722002
yhdE	2.361263146345492
ftsP	2.675610298585074
aroB	3.807299959014885
yebY	-1.957348575497543
tsr	3.385802456429384
ucpA	7.3487
pxpC	2.32333127024831
btuB	-1.676868274190139
engB	-0.348323624607473
dcrB	-0.8053784339832815
yecD	3.055638516112817
dmsD	-1.357895703524083
metC	0.5299081373441403
yebE	3.052608943606134
trxB	-3.453683441186685
lpxM	1.557938629713356
aldA	7.3487
csqR	4.976200109390181
tcdA	2.878161739095483
cysG	1.086950956202995
rseA	1.832350043800502
grxA	0.5783030561063207
hns	6.17042405766772
ynjE	4.887245718810529
fhuA	-3.767967231008142
ydcY	-1.303429983084478
cydD	0.0522172835360011
pyrB	-1.347975600323325
bamA	3.500022114073054
add	6.661484180226495
fliG	3.500390114434631
yacG	1.655251157572565
yihD	1.722452020480707
usg	1.965119083849848
entB	-4.463349254505965
mscS	-7.3487
cysE	3.248773732416002
prs	-0.8995850436622481
ddlB	0.4987303705072734
groS	2.345380011653287
ppx	1.78507455600204
ybaL	3.009147669034804
glnE	1.624807285576143
dnaE	0.8891508592193963
yahJ	1.446923094633487
acs	7.3487
cobB	0.9568809071439794
coaBC	3.4464615844125
mltB	-0.4803429142555169
yeiE	2.890761037968115
cutC	2.277057404793428
corC	1.031564649825723
trpA	-5.630964152609947
lpxA	3.025565535474343
yhhM	2.578597248689381
selD	2.960928397948862
dnaK	1.647032959282887
xerC	1.544880966075237
hemE	1.751396327520511
yjjX	-0.4208714555459652
fmt	2.860366632665603
tyrR	1.205820301886433
ybeZ	0.5067213014830991
fliD	5.386274982627489
argH	-7.3487
pdeK	1.758002809374949
malK	2.51503203581611
rraB	0.620154405416404
arcB	5.47249449658685
aroG	-7.3487
talB	-4.801274066417266
yagU	-1.246337207552743
rpoN	3.39908546342
pxpB	2.35056210230449
argG	-7.3487
tsaE	0.8255194107117544
modF	-1.862546753101808
ybiV	-3.164007364755731
fkpA	-0.6374029299104681
deoD	6.267709472898899
cstA	7.3487
yafC	2.171621495080463
glyA	-7.3487
minC	-1.10342222518459
yfaY	1.860471342712879
tamB	2.030803000047683
glnB	-1.339006852504857
cspD	7.3487
alr	1.622416562712294
sad	-0.4293787651953368
tilS	0.1393826554362356
metK	-7.3487
hflC	0.4989924641596707
trmL	0.2918530108803458
ygfB	0.2880419303712194
mtfA	7.3487
hldE	0.1037418978712126
allR	-2.332960697707797
ybiU	-5.556679028705021
malE	5.562780023785964
asnS	-3.251432749780518
gcvA	2.476727323029925
dgoR	2.281277717398057
tusC	1.056305639684907
purE	-5.171675355704539
sbcB	1.702783731337147
slyX	-0.1444629951248683
kdgR	3.47955303883165
frmR	-0.1664047850164757
ilvA	-6.974859223774169
solA	-1.98779441350338
smpB	-1.234926233907141
ltaE	3.589608997287157
metB	1.26345243490287
yacL	1.207223031414606
topA	2.673051913134824
ldcA	-0.03326122562693257
yfgD	-0.1678908947475117
mlc	2.451762797439395
lapA	2.626826483121654
ptsH	-2.326129630178347
gdhA	-7.3487
tldD	1.991611064737676
bioA	-0.9035846853956883
yifK	-1.136974300039813
ptsI	-7.3487
yqhD	-5.750728523421913
holB	0.5847773257555166
rsxG	-1.270563738984953
prc	2.021325887123461
minE	4.010311574207953
gudD	2.676346171130944
rbsK	7.3487
ytfP	0.4136282237403219
rsmC	0.1909766136872853
holD	1.818419763111266
diaA	1.233616864123563
ppiB	0.1597679415429499
thiE	-0.2159612717062264
pdxK	0.5805049133910494
eco	2.009726939658287
ung	1.079396722019837
thrB	-7.3487
bglA	1.605076536833251
ydgJ	0.820092116110284
cusS	6.489463618366941
guaC	-4.829748307859353
csdA	1.411216679795975
ribC	-1.053648902231721
dnaA	2.323080320372954
macB	0.1936211950793151
pfkA	-3.222401929896023
ispF	2.156989419517997
purA	-6.680385927751284
mukF	4.671676574754631
mnmA	0.1588368884423169
elbB	5.634086491448577
rfaG	3.363330942763702
serS	-0.7581818915657376
polA	5.308435339405215
dksA	0.655714341466212
tmk	-0.2399740029311359
rlmH	-0.9945910925322282
ilvN	5.153416599118426
yhaJ	1.484633365945901
mdoD	0.8010069219485328
dnaG	3.236085186598206
cysP	1.136164865318416
pqiB	-1.325585708609449
yhbY	1.930624678051643
cusR	4.339954655049515
lptB	3.854876400885102
prlC	3.964280015609579
artP	2.690436433426005
pspA	0.01770028013603251
yadG	3.16720969897373
aroC	-0.5977881412074976
ydiJ	3.197490764725457
bioD1	-1.446758419969576
lgt	0.0
oxyR	1.41198376340697
bamE	0.641447005066883
hisD	-4.264718270602421
cueO	1.219830130533615
ilvM	-0.6596579735281606
eda	-1.812540370892349
hemG	1.051870735904656
ubiK	2.124103936636003
glk	4.95618755690973
creA	1.035144704614898
wecG	2.357435794478936
bioH	0.4716884828176179
kch	-0.5109210869204215
tsaC	-0.5565107674208062
yhjE	-3.945644007194161
kbl	3.160810333000617
yigI	-0.678492577910286
yejL	-1.608513596865464
ribD	-0.4700344336768593
nrdR	0.05718053214944995
murB	0.6906049115375676
mscK	-1.02225040752077
lpxD	1.919652840853157
mlaB	0.2573014649903553
fdhD	2.536285940276052
acpP	-0.9946064564558889
tdk	-1.524497660644338
seqA	1.161573996104761
murE	-1.745712436244117
lamB	4.448567979926665
lepB	-0.4676667395525569
fliL	-0.0528485596238816
cydB	1.430701406838923
sspA	1.73993631084575
argC	-3.085361806259162
rstA	1.102817494297061
xerD	1.730688540542153
tatB	0.4622756154844955
folA	1.565816227528146
gatD	7.3487
yhiN	-0.3691671147006279
ribE	-1.077709453290274
ribE	-1.077709453290274
rsgA	2.054398833603858
clpP	0.8840482359195914
thrA	-7.3487
thiC	-1.221763210946672
spoT	3.152553074871977
gutQ	1.66028929016243
ghrA	1.158764257905771
mlaA	0.01349183013417423
ebgR	2.06431342297759
nudJ	-0.3845509473185679
map	-2.421011767083938
yejK	1.151925756773739
fruB	-2.854018771001024
htpG	0.7064197001477656
ypeA	0.5930065866553507
pmbA	-1.312486407231435
erpA	-3.189313043822344
galT	4.62700105662682
ftsA	0.749428960351732
aroL	-1.083449016319271
uxuA	7.3487
ghrB	-7.031161362051457
rsmD	0.01249695498647909
ribF	0.008232301488494825
fabI	-1.3827688882529
hflK	0.3522618904370678
yciH	-0.5284018574035395
rsuA	-3.529070946855292
glnA	-7.3487
glnG	-1.03146442235354
nrdE	-1.835006446244939
yheO	0.8727144171547755
pifC	2.572213582225702
bioF	-1.797663551129602
nadC	-1.170976054533806
pncA	1.38958256219543
ruvA	-0.1935241592056856
proB	-1.368947498767808
kdpB	0.4626271986663625
pncC	2.93515027212017
deoR	0.1248473503787314
folE	-7.3487
metG	-5.682032847554365
alaA	4.874128570547951
avtA	-2.597223097621625
wecE	-0.4198942794639935
syd	0.176339465552616
thiB	-1.547795570542372
cirA	-7.3487
yfcZ	2.195217045530886
yggS	-2.081219649738743
bamB	0.7228534442065774
xthA	-0.6040050225050165
atpF	-0.6091955996600625
ptsG	-7.3487
yffB	2.092213359258687
dnaB	-0.6435553911250065
ompX	-5.970862457753491
tyrS	-3.478701368594187
ygiF	-0.5910529126847148
bamD	-3.031031369710492
eutB	1.678249524238947
pifA	0.901248886317072
aroH	-3.218477571658361
accB	-0.330694148314043
thiD	0.3883467082674011
hemL	-2.897456873126568
truD	-0.9786799382635916
rsmA	-0.2472463794452317
hisF	-3.351646177355969
ydcI	3.71873857191693
dxr	2.28668178177833
speA	-1.105509815760066
fur	4.809340612664212
nrdD	1.80513690760446
srmB	4.841614634274027
mobA	1.082372574560358
cpoB	-1.431656014712924
fabB	4.539669664021883
yfbR	-2.191714591175325
yrfF	3.352613175315168
ribE	-2.517904465106416
ribE	-2.517904465106416
thiD	0.1397937399541473
efeO	-7.3487
fiu	-7.3487
pldA	1.485375246322059
ycgL	-2.610146478841599
ispA	0.5449883004996844
hrpA	0.4719867712015345
atpA	2.470798466576323
rfaH	2.656137888364334
csrA	1.354598478073116
speG	0.820140198870749
radA	1.462274475644705
purT	-5.27726013475146
yeaK	0.6045648853653601
fliA	1.368745918449163
mlaE	-0.7006833243674108
sucD	7.3487
lysU	3.084778927059392
speC	-2.899151673413247
ytfL	0.9948848441648271
manY	-2.971006636745346
murI	0.68117508639267
yqgE	-1.498401727595617
rlmA	-1.293536468145144
ftnA	-1.209461370114119
carB	-7.3487
rarA	2.735533925453253
secB	3.424756751559468
trmD	0.5470917233995503
lolC	-0.1659558065011847
nanE	5.082456753651765
yigB	-4.194078863611044
glpQ	-1.273734089035287
menI	-1.053605443877113
ftsZ	-2.023468655276944
grxD	0.189628566249842
yfcN	-0.6838069042709588
sdhB	7.3487
ycbZ	-0.9430555976135084
yciA	-2.559781047332494
nanR	1.607058384561703
yaaA	-2.636770835764107
pepB	6.489613097575972
hemH	1.711914877882353
queF	1.275612398750247
gppA	0.3197786305608799
acrB	0.8384333534787876
mnmC	0.5241849517925611
rseP	2.802546270496326
thiD	0.3883467082674011
rsmE	-1.987963834937179
lasT	-0.2677153491899904
nudK	-3.632493888028019
ftsE	1.149528197301561
trpS	-4.851510297315353
mlaF	1.756092336886836
hemN	0.7909221855421922
fdhE	2.892010019603052
aroP	0.623155405419402
puuC	-4.218379268728331
flgN	4.011602347333938
lptC	-1.161622736885261
barA	-0.3167227644504094
elaA	-2.133366678469252
purT	-5.27726013475146
nagD	0.9905048992001896
der	1.295000614494715
srkA	-1.150777855314065
thiD	0.1397937399541473
yhiI	1.833602858891664
nanM	-0.4918779223193488
ispB	-0.6314531084817963
blc	-0.2880909951177875
mlaD	-2.646446117802584
yncD	1.090976030844173
mreC	-1.200709085126911
rimP	-0.63134278652633
entC	-6.294729227872717
pyrH	-2.8819518949483
manA	1.248443146313307
rfaF	1.811412290449641
glmM	0.05306011578994705
carA	-7.3487
xseA	0.4957844788574695
putP	3.471465404246338
uvrD	2.047200014070813
exuR	1.062573234022098
agaR	1.136615922198877
galK	3.238093819259341
nagK	-0.2655897085914676
mprA	-3.457199613642844
kdpC	-0.1843932095062941
dsbA	-3.5348295725788
thrC	-7.3487
ybhC	-6.072384876702993
infC	-2.384915635012154
rpoS	1.494877178203031
dcm	0.3324540125038444
tufB	-1.671689202417701
ruvB	1.624558344629392
tatA	-0.01195259696457957
purL	-6.959682009073824
wzzE	-2.160087316690671
mog	3.08505690653364
ompF	5.477441449089887
lolD	-3.361006283399566
yegD	-1.385221607665366
yibL	-1.596905145132754
yieP	-2.107467235198682
tolR	-4.194323005673574
sbp	-3.534099332529623
sucC	6.549334628931315
yfgM	-0.4333429625383045
galM	3.721595083751136
metR	-2.665425376310735
ubiG	-0.4499546818137192
atpH	0.2231284483719365
hisA	-3.503854633547768
rsmG	-2.819480989755494
metN	0.4391441898866224
aroF	-4.005187212124324
mazG	-1.470803641973788
pth	-0.7849796867168829
dnaN	2.772252277078637
pyrE	-1.078665583944125
speB	3.283711026775635
rpoZ	-1.162497533614451
rlmB	-1.834925694912206
cytR	0.7744890200336121
dppF	4.59510360711857
oxaA	0.2118509469233644
betB	-1.473623533988515
nudE	-1.20023834479481
speD	-3.523038646692457
puuE	-4.821530041340037
prmA	-0.03859903021127251
ycfH	-4.430173360632996
ybbO	-0.6307126089713588
queC	0.1668375065064856
sucA	4.438794144234663
djlA	1.345351064837855
yqaB	-0.5013004383239814
yciT	2.62888427277074
sdhE	0.4429457071797423
mqo	-2.926798030039677
nrdB	-0.2955645671822411
pabB	-1.877324111709656
atpD	1.128447886214709
mukE	4.352440509604707
pitA	-2.54323348671407
purR	2.843694733146005
rbn	-1.606083666570465
purD	-7.3487
sthA	5.039664872379631
ndh	-5.292747496237821
yggT	-1.284963632434025
kdgK	1.837966331920719
fumA	4.242773923193803
rlmJ	-1.017497009338578
fabD	-0.3968682989601298
ycdY	-1.620918985091176
yajC	0.7820000366457299
dtd	0.06015160845727095
yciN	1.253766796373902
ppnP	-1.48030256841035
nagZ	-0.7304858854338178
dnaX	-0.2192939073408218
gyrB	-3.587254087968385
folP	-4.648659830642235
yigL	-3.354418095686189
purD	-7.3487
tonB	-4.459753335836796
sdaA	0.3091386099788817
zapD	1.443612513605355
lplA	0.2947547980659123
yobA	-1.615769081367045
cysB	-1.252499375138434
dhaL	-0.473948564416101
cusF	-0.2218641146737891
aas	0.9638051237778045
evgA	-0.1308376881286882
helD	-1.249947631344179
zntA	1.191792096440249
purN	-2.619500029111675
purB	-7.3487
purD	-7.3487
folD	-2.197214861695374
dsdA	-0.09845880329930408
modE	1.504511728634789
tyrA	-3.284545618089376
gph	-1.1112863449069
yifE	-3.073298545602698
pyrF	-7.300110730354432
recG	0.8279651188956457
narP	1.629912485588063
dut	-2.525723212159845
mntR	0.03920557152096744
menC	0.3976896585049878
waaA	-0.5782481362443392
ribE	-1.077709453290274
ribE	-1.077709453290274
sopA	0.4392087634619099
ribA	-1.483018890419986
lpoA	1.349500918487186
yehS	1.040512046532799
trpC	-2.436902886019979
fbp	3.014497349201926
acnB	7.3487
tolA	-0.8452415047789427
cmoA	-0.04598582243206212
mrcA	0.08995035482463705
dapA	-5.3640048711687
rluD	-1.129897141820762
nfuA	-3.252483769963896
cysS	-1.806966264282619
nrdF	-1.340503078971546
trpB	-4.300358634659494
thiM	-0.7382355531520423
hemB	1.817194301237775
bcsG	1.472589056637842
ileS	-4.011498956888595
sdhA	7.3487
yihI	-1.579660033131358
pdhR	-1.892283792906073
ppiD	1.332826821967754
purK	-4.032061769099191
rhlB	0.08253909218465279
glrR	-1.850856701428713
ybiS	-4.63529933625478
purU	-7.3487
rsmB	0.2455625800483254
purH	-7.3487
pspE	1.097691609701154
bdcR	-0.5754021665764032
yigA	-1.149901851371625
nusB	-2.187627386804782
tolQ	-3.662192297183329
aroA	-7.3487
gmk	-1.236309556165933
yajG	-1.350879610912906
mdaB	-4.345130386022251
kdsB	-2.041102303572018
glpR	1.187996916827531
ftsY	1.703208132250594
atpG	-1.238206284788092
ndk	5.171560148355455
cmoB	-1.032840280958785
miaA	-0.2385286076762813
eptC	-4.840528605234033
dnaT	0.5475274853696912
secG	-2.510551997033578
glyS	-2.562289106970328
yfdH	-2.126453313161109
cusC	2.206153686805441
ygiB	0.809944073287888
potA	-2.160084327612668
yfcD	-4.072231202364746
ygiC	-0.1476919319470714
ubiI	0.3671319812573197
hcxA	1.452186139244115
mioC	-1.119727493852587
rdgC	-1.645089527362253
iclR	0.4128106849937747
atpC	-1.610457686427508
secY	-0.6371011423647094
ybeD	1.470872442230035
yeaD	-6.144663867324625
cnu	0.2171667424845106
flgE	4.122706100375169
sspB	0.212011120225853
rsxC	-3.703185686742521
hisS	-2.018669875009466
recA	1.977810159334154
zapB	-0.7817094012355824
kdsC	-1.280421217794473
rapA	-1.231513566336079
atpB	0.6675032641260564
prfA	-1.308390825585826
rlmE	0.4888217239932643
yhbW	0.5404985902631811
murQ	4.30537849624667
cyaY	0.7748749716755526
tsaB	-2.142285565858653
serB	-2.547536046277702
dsbC	-3.447620016452251
bglX	-0.7708538856832
yjaG	-1.712228709302599
cyaA	-0.5668309696362814
nhaB	0.235902626536981
slmA	0.4853218654081436
metL	-5.099289947529503
ribE	-2.517904465106416
ribE	-2.517904465106416
hflD	-0.1507281792474528
aspS	-3.961139049197494
thrS	2.475502819489092
ilvD	-7.3487
nth	-0.0366429099412777
ybcJ	-1.658045014275005
hexR	2.705164875209715
frmA	5.00662008763179
secE	-0.2255531254724926
hxpB	-1.241076504688396
metH	-6.51190189647446
fruK	-3.577347809348523
wzzB	-3.711542252912492
panZ	1.236983700969268
purM	-6.450801757488694
galE	1.240772125608362
yidA	-6.5727245112037
cysN	-7.3487
ycaR	-0.4542428719141893
nlpA	-2.037593242823477
tktA	-5.445657005041677
mrr	-0.2231815251941082
ghxP	-1.625450684841336
wzzB	-3.711542252912492
ftsK	-3.498018393161932
ansA	-2.068122661137404
trmB	-1.552956324574926
rluF	-1.562004216510039
yaiL	0.831789897279977
dppD	2.544259286068495
msbA	-0.04132315522134822
ubiE	1.87598760130026
oppD	2.265783508779578
fdnG	1.104600185347872
yajD	-0.05664007735467265
leuS	-2.193059889141766
glmU	-5.51014874951411
yrdA	-2.409495266494342
trmH	-1.655370500998779
slyD	0.9821825428849135
selB	-0.9764648987340345
cysH	-6.360044224017554
asnB	-7.300212200846964
iscU	-2.520704491340622
flgM	-0.4981359869696852
folX	-3.03208732964054
rlmG	1.088655045946813
pyrD	-7.3487
dnaJ	-0.7792227394510886
ratB	-1.367697555859879
rnk	1.392899963021623
coaA	2.465109177716773
yqjI	-4.127896919861456
mreB	-1.368942557343901
queD	-3.813830714335152
flgL	4.479041975042459
speE	-5.179809888302958
lon	-4.153644333135071
gpmB	0.9389000203223049
nemA	-5.860330387888706
rnc	-2.15153582416353
ilvC	-7.3487
plsC	-2.15256369602418
hslU	-3.980133207608276
codA	-6.138677144330906
cysC	-5.16642163057685
mpl	-1.260837566183566
fadR	2.254951299214099
cysA	-4.795569024322856
mrp	-2.728187389588072
lpxT	0.3399399193937938
infA	-3.633239938353992
dhaM	-5.833052881592446
gltX	-5.091035466091325
grcA	1.787091043633247
uxuB	6.076641542428269
dadA	-2.474303901462761
hslO	-0.6237444492295001
gltD	-7.3487
cusB	1.064253100733491
grpE	-1.254895112425875
rfaQ	1.267040332380874
ybaB	-2.981463842315042
frr	-2.49334150260987
fabH	1.968233906157856
folC	-1.975264369331842
gatY	7.3487
accD	1.127230940476411
rpoC	-2.210807612556587
pcnB	-2.202419476948485
fabA	-1.392309258918904
hscB	-4.211161533736785
pstB	-0.5799642628656534
rcsB	1.43335103993443
iscA	-5.885773482723265
yeiR	-1.983551873694392
lysA	-5.657904304599
folB	-0.3343394874205682
truA	-0.2708123694688786
azoR	-5.457880538780365
emrA	-2.882609742062055
pncB	-6.605526799373253
ackA	2.331741937390956
malP	-5.946881893400684
yccF	-2.330333164628406
cysH	-6.360044224017554
yjiA	1.38412993247615
mipA	-3.886742426919799
lexA	-0.0004530673369274408
nuoB	2.831441828768891
yebC	-2.909021375843051
htpX	-2.539659692125842
glmS	-7.3487
era	-3.366997946237963
rlmL	-0.7138622919145414
panD	-2.576065360330559
fre	0.1480470569654054
rbfA	-2.0770705092126
nuoF	7.093588777651845
argS	-2.008441113953348
putA	-0.4278100600945833
def	-1.037894661310326
rne	-2.215255141851583
hisI	-5.178636013282591
tsx	-0.5042004660356191
metE	-7.3487
metE	-7.3487
gltB	-7.3487
rpoB	-3.011802454673252
nfsA	-0.5640931757505074
wbbK	0.4476552216495038
maeA	1.638008898222995
dapE	-1.694812111855119
greA	2.617768103520305
proS	-4.999566448829514
queA	-2.272163483571159
rph	-0.00362318953325023
fkpB	-1.523896489179275
rihA	1.79353071297472
pal	-6.796848010796626
rnt	-1.482571969307888
ispG	1.22048414067536
cysD	-7.3487
gnsA	-2.23545483371779
rdgB	-1.249545947234173
dxs	3.432106928102127
ydhQ	-3.355588186189824
rpsQ	-1.758474252734747
yfcL	-3.974531121667809
obgE	3.19621397133082
rluB	0.7643010388020115
udk	-2.663342282145796
guaB	-7.3487
argA	-4.564746184409948
asnA	-7.3487
oppB	-0.591794455595707
rimM	-1.40024454332181
malM	2.168500630330244
thyA	-2.845756014162299
rpmI	-2.902402711226941
dcuA	0.3374439862162656
flgK	3.078973342131734
purF	-7.3487
ribB	-0.8454303516546813
hslV	-1.629957753840994
fabG	-0.956184930522288
accC	-1.20649852327843
sodB	1.043702469518786
truB	-1.835796870978295
hsdS	-0.2213497149686615
glnS	-2.245547152745186
gyrA	-5.961118450934842
sseB	-3.267142686902401
rnpA	-1.227032163076241
iadA	-4.821119327573259
yfeX	0.1498061355015964
nrdA	-2.858219699796393
puuA	-4.317100581314347
fklB	-5.146961790686113
oppC	-1.380286489736306
dacA	-7.000021823073874
ettA	-2.961328260941016
clpA	-2.04910246599819
malQ	-1.93888827745041
rpsO	-3.895653130515119
nfo	-1.654842057966752
nusG	-2.097516186880402
sppA	-4.253635525031299
yecJ	-3.711869909980734
fdx	-0.06123832156217394
dusA	-1.962151678845479
queE	-2.275294485541926
rsfS	-4.608130166966393
mutS	0.3635929162819633
cspE	-2.969092001381495
accA	-0.7565111556940144
trmJ	-0.2492969216715269
alaS	-5.673001589469314
tsaD	-3.005554584948845
yibN	-0.1202780440204593
tsf	-7.3487
gpmI	-7.3487
exbD	-6.790492279801883
secF	-0.583585420193667
nuoA	-0.3561217327270444
nuoG	5.788649492915718
flgG	1.515281914171532
metF	-5.292150932707218
cysI	-7.3487
rfbC	0.3032053811788131
rpmH	-2.832136805075666
iscS	-2.130950326079048
rluC	-1.933395101822529
rpoA	0.4372482105726244
suhB	-4.437433219325817
ligA	-0.07985276579975344
nupC	-3.405441626148697
nuoC	6.498334839125036
cyoA	-2.609444125675331
yfdI	-2.405165680122541
yceD	-2.083569544206844
prfB	-4.534027907894971
nadB	-5.975602352736871
wecB	-6.17056012975649
apt	-7.3487
ubiC	1.795968759332052
recR	-2.7279001605022
rpsL	-3.407630948106708
rplM	-5.698503920911919
cusA	-1.789759385068851
cspC	-2.355143792021718
cysJ	-7.3487
nfsB	-6.077265649253066
ybiT	-4.771316362865853
ffh	-2.788857459486321
glpX	-2.03460247189339
sdhC	3.29317783160854
ppiC	-1.109512177219945
nuoE	3.894233428632794
gatA	4.213648220529296
iscR	-2.447924796173918
rplL	-5.106348337169783
secD	-0.7054818436342972
secA	2.47636491876866
gpt	-4.029605440319028
fnr	-1.614360426614496
ttcA	-2.224656801731081
rnb	-7.3487
exbB	-7.3487
rho	-3.024537315243713
cysM	-4.383422379254813
ydjN	-7.3487
yiaD	-5.121996735080505
oppF	-0.3222126492833658
typA	-7.3487
parE	-2.930654040245578
livK	-3.714140773230432
rffG	-3.524797126107075
pdxY	-0.4088793348563183
glyQ	-1.073038727622969
mukB	2.921744642580323
fabZ	-0.083025359705074
rfbA	-2.578178285419793
fis	-7.3487
yeeN	-7.3487
valS	-7.3487
wecC	-2.059201716531742
parC	-4.645512990712535
yaiI	-5.214706953559637
yheS	-4.475540852398747
hpt	-3.417803102094167
yeiP	-4.41412501231454
ddlA	-5.967180159085618
trpGD	-5.425831689697236
rplJ	-6.007110299656146
crl	-7.3487
gcvP	-2.509340761010554
ftsH	-2.239480232896014
rpmG	-3.624407159024966
rpmE	-4.102533963085842
fabF	-3.428868968496172
trmA	-5.966775978780931
tgt	-5.584776904983042
rplU	-6.577272424441889
aroK	-4.786836885718913
rlmI	-1.528437274946888
pyrG	-7.3487
nusA	-2.617832398361545
cyoB	-1.712806681862323
epd	-2.807164582755151
hsdM	-4.106501893189085
hmp	-6.607508944128559
gsk	-5.2618866555477
nuoI	2.471840533810619
bioB	-5.12401915444941
rplR	-2.433767966324986
upp	-6.587570010017959
pnp	1.509853405307286
rplW	-5.708322064630119
ybhA	-5.830411502310831
yebG	-2.737353810844064
rfbD	-4.172378563433432
efp	-5.540045196530251
ychF	-7.3487
uup	-1.531641826208948
mnmG	-4.931572990206715
proX	-1.544422388110862
clpX	-5.422098154816757
rpsP	-4.707518640620068
rpmF	-5.759774356049784
rpmC	-5.002729224802689
ahpF	-0.166059111443913
rpmA	-3.370326989472965
rplK	-7.3487
rpsU	-6.241051725535027
rplB	-7.3487
rplD	-7.3487
guaA	-7.3487
rplA	-7.3487
lepA	-2.936925789902905
borD	-5.230063093518703
gcvT	-5.386521830489333
rplF	-7.3487
rpsK	-6.125264202413481
rplE	-7.3487
rpsI	-5.558935893525104
rplI	-7.3487
lysS	-7.106151756305507
infB	-5.97909765266721
prfC	-4.142550391952167
rpsC	-7.3487
rpsF	-7.3487
fusA	-7.3487
rpsN	-5.322803711825037
rpsG	-7.3487
proQ	-4.882470004295777
rpsR	-3.076028873018402
murA	-3.641811063485538
rpsD	-7.3487
rplP	-4.580078500213776
rpsH	-6.96637659358395
rplQ	-7.3487
rplC	-6.896206776995209
rplS	-7.3487
yhgF	-7.3487
rplT	-7.017752509430197
ycaO	-6.009234581707313
rpsS	-6.906460339207176
rpsJ	-7.3487
tig	-7.3487
rplV	-7.3487
rplO	-7.176930816970641
rplN	-6.096720744221758
rplY	-4.793667138473981
rpsB	-7.3487
rpsE	-6.708083557984422
rpsT	-6.166445813402143
rpsM	-5.763845981723126
rpsA	-7.3487
trpE	-4.478153738209373
rpmB	-4.41213846892647
deaD	-7.3487
hscA	-7.041730594026975
nadA	-4.301708049058915
rpmD	-5.562919744482996
rplX	-6.527176260656264
thiI	-7.3487
yegQ	-3.150324588268383
cspA	-6.349220046665516
tufA	-1.096345888864482
rlmN	-2.908089115402091
lipA	0.9134549647491981
yidC	-2.105803097591046
rfbD	-4.172378563433432
rfbB	-7.3487
rfbB	-7.3487
ibpA	-3.748270582518439
miaB	-7.3487
rimO	-4.603299841892354
ispH	-3.032029262924296
glf	-4.061645394368678
wbbI	-2.941458481467059
ytfQ	7.3487
fucI	3.768824082880276
yedP	7.3487
yohF	7.3487
hdeB	7.3487
ydeI	7.3487
sbmC	5.804747373400393
ydhS	7.3487
yciE	7.3487
yfdC	5.456926612275599
ydeJ	6.956230706442054
yccX	6.173040645498276
otsB	7.3487
aidB	6.982628422318143
glsA1	7.3487
ybgS	4.720971302619454
ydeN	7.3487
araF	7.3487
pka	7.3487
fucO	7.3487
lsrB	7.3487
ydcJ	7.3487
chaB	3.843930281699283
treR	4.797939918326868
ybjQ	4.609316675880912
yeaH	6.939222583363382
treB	6.919540660435826
yebV	6.706265192694594
ydcT	6.673319048410556
hdeA	6.566404621825449
aroM	6.491235927319173
sufE	2.330075120377917
rmf	6.043931579773369
ygdR	6.388849612980812
ymjA	3.30521947395393
yddH	5.902436678846773
prpC	5.832755475486691
yaeR	3.355146474507436
rspA	5.768955906332899
msrP	5.106058402801904
sgcC	5.674985998234836
sgcX	5.620198518192104
aceK	5.554980732142254
ybhP	2.064186890400403
xylF	5.412637321199637
actP	7.3487
ydcH	5.338529426086069
ynjB	3.509867583192433
paaX	5.014478397322153
glcD	4.727357613987722
feaB	4.71327864181601
melA	7.3487
rihC	4.600680090581416
fadM	3.177738204543016
mepS	0.2394834509403851
mdtE	4.456625157183295
malG	4.278308703228843
ycjG	4.713372964445434
yjdN	4.256146782698782
nadK	2.038005023844037
rnhB	4.143471482403396
yjgH	4.141103793943929
agaV	4.105885358926479
mhpR	3.997221365195472
idi	2.27883682353462
allE	3.902154357103944
mglC	3.879146094284451
narG	3.852285810850419
eutM	3.847838507677357
yeaC	3.834878742399249
yciW	0.5178552842526613
gadC	3.694616680495285
gsiA	1.89578277506455
basR	3.603663883723064
dctA	3.59755318139548
garL	3.562125834558493
ybaQ	-1.5927191555945
dicA	1.700632366022782
cycA	4.948753270562316
chaA	3.331632116393128
yraQ	2.248973209115836
tusB	2.46908238802486
yuaY	4.490093061940776
glnL	0.8589724110578544
lsrA	2.724167129788092
fic	3.228013948564354
modC	6.888699010660669
ugpC	3.204600959117485
arnB	1.40681264354643
glcC	3.156628153648638
glcA	3.136688418809243
dgoD	3.129588176475165
cohE	0.1505993973196026
yhdP	3.090232306167813
ubiX	2.3156695394339
ldcC	3.008876514278797
ypfH	0.9692600384180584
mutL	4.09857383185862
baeS	3.193216357963653
ybgA	2.905719112795822
ygdI	2.878161739095483
ycaP	2.855014008348168
birA	1.822527620991956
glcF	2.811508768065682
glcE	2.807033768343804
ypdB	2.186704579773458
kdpD	3.874748168865181
hypE	2.725692397695056
fecB	0.6588376927361879
yliI	2.689803852446029
plsY	2.656574623495981
lacZ	7.3487
dgcQ	0.9251487922580677
rssB	2.638977173672591
mpaA	2.262051972020848
amiB	1.648374447022057
hiuH	2.576524553367824
arsC	2.553918757695824
creB	2.552431334939005
cutA	1.676877460919665
hypB	2.48077963362387
gltJ	3.490429486656712
dcuR	2.445032363340895
uidA	2.444743332623757
hisQ	2.422413274280129
astD	2.266227227213356
glpF	2.264882600880089
yuaX	3.919395227340812
uhpA	1.492903214735894
aphA	2.185671455740519
yedF	5.489881986645975
fepC	-2.747781385444993
ynjH	2.128820275097881
yqeF	1.8351145200479
garD	2.108358399169109
ydiH	2.108358399169109
fliI	2.06634655060757
bluR	2.053748910631823
yjhC	2.895523348446169
ymdF	2.01409081201814
yjcH	2.005763543199766
cobT	0.4782686482138733
xynR	2.141998782214037
rffH	1.56749086413344
kdpE	1.903310818708997
ycjW	3.279411993780592
yjfP	0.3459630305818274
dgcJ	1.826623252367442
hslR	1.818419763111266
psuG	1.811048816791754
yggU	1.806374570865372
mepH	1.774381910344957
yqjC	1.750806945212602
pdeN	1.745065880025477
yfhG	1.739197665285252
ykgG	1.73443695539801
yjiN	1.726367311828671
yafV	1.702073186313986
rhmD	1.684940767871915
puuD	-3.649233229162072
ybbA	4.006892210532414
dauA	1.644853626951473
mcrB	1.615084340804565
motB	1.611120857823379
rfaB	3.423260541606905
yedE	2.781216458327894
holC	1.563223646866276
yjbB	1.882903706410866
yjcE	1.472376174699692
ydfZ	4.617098798755886
ftsL	0.1059819872035169
ispU	0.4467615375868974
acrD	1.431326675165238
malF	1.858609350484686
btsS	1.391676578242951
cmoM	4.322081767307521
yjcZ	5.874819011824872
yoaE	1.369591931483066
treC	1.364316937810102
tnaB	1.359462745418258
ybgC	1.348647092159469
ulaR	2.329091177727693
cysW	-1.651600640492157
flgI	1.288957353258076
trmO	0.6257272494664013
ampH	1.273050845045919
dgkA	1.270237622393149
rpiR	1.47699188318113
kefC	1.192298257660476
yraR	1.17498679206609
hdfR	0.937316185336234
flgH	1.785639623208534
sdhD	3.693776242498473
uxuR	-0.970931952618517
dinJ	-0.3726291023459243
nudL	1.003658607295831
prpB	0.9913750545937002
feoB	-1.019585867280088
rmuC	0.9521912456172869
ascG	0.9095422068068143
nanK	0.9090087522639447
yedI	2.714050717870664
galR	0.705272063580769
yojI	2.347999580977381
argR	-1.361915364660292
ytfR	3.634056244216218
cysU	-2.512931837446047
trg	4.83782628195109
aer	3.07083215166129
puuR	-0.1164442993425047
paaY	0.7479590205861011
appA	0.7083694407741234
nupG	0.690308823933034
tatE	-4.318580886334746
galS	0.6751135598414921
sfsA	0.5621702922579264
hemA	0.6690701465309637
ybjT	0.4257323497554969
ygeV	0.6531889584862899
nuoL	0.6486304397825122
yejF	4.593870771118578
ygiS	0.6402980286815216
garR	6.952709366452018
ubiA	0.6249559034946874
hprR	4.434726607450506
ydgD	0.6145262600450552
lsrG	0.6135934916291189
xylH	0.611301497195671
arnC	0.2067402717706863
yegW	1.53880470355624
nadD	0.5039216767370295
hybC	0.5494480655146456
fliZ	3.992317019489808
ybjS	0.3815260313697906
yeiB	0.4996177809081852
ubiJ	2.320108833976608
rnd	0.491967434603328
hprS	0.4368560321661346
fliH	2.604933968986419
folK	0.8279007117486288
dnaQ	-1.162246376103123
eutD	-0.3825078687874972
frdB	7.3487
ompW	7.3487
sbmA	0.2391729127386509
yafK	-5.772440835080308
cvrA	0.2379713624162009
xylA	0.2226548461801938
pxpA	0.3745434991994427
hycI	0.1693337085554254
pepE	6.268370110348409
ccmE	0.7648081119987693
murP	0.1538683474652402
yiiQ	0.693434473411106
sopB	1.116447498705868
citD	0.1012094151579507
fliN	0.0968498564000117
thiH	0.2164216620012196
mobB	2.010786450168302
yqgF	-0.42020567949922
moeB	0.6653750651224408
ybdL	-0.9803755991011331
cheR	0.0
xylG	0.0
gsiC	-0.02989229768149072
ftsB	-1.457278180834363
dppC	1.23928155785065
yidE	-0.0569353171656394
bioD2	-0.1150611501681166
ycfS	1.458880283937096
ycjX	0.1693210594850415
lysP	2.342208289918904
eutC	3.171173776336788
fliS	-0.250759571882916
kduD	3.638916766975335
rstB	4.229565374992416
hicB	-0.2709993819560011
mltA	-2.646678839243396
ais	-0.3993749964618469
relB	-0.2928673219836715
yihM	-0.2992265577144839
yggW	1.19661318469935
frlR	-0.3246950065202343
dosC	3.247733450639459
yniB	-0.3430691386995639
mnaT	-0.3460257320779577
cspB	-0.3611330335572122
cecR	1.417135722509107
ybjD	-0.3703941329258028
cfa	-1.686579945257884
dedD	0.4554006375488495
eptB	-0.4052291475990254
rfaC	-0.9024721769978188
ybhK	0.5130832377932308
sstT	1.303281687571534
ygdG	0.9199434482218088
emtA	-2.955221788111702
yjhU	0.4863780472442453
dapF	1.267434416916905
ubiB	3.186262105004358
yceA	-2.166795997584707
cueR	1.209580085296645
yjjG	-0.0037599512711459
menF	2.619539553770496
rlmD	0.5636387639106245
lsrK	-0.612330301991195
maa	4.66235844440494
tdcB	-0.6515324743849584
ybjI	-2.609813525598998
uhpT	-0.6744897501960817
dppB	2.332304419842997
mraY	1.1267117409517
fliF	1.526377728838707
pdeA	0.1670196364128268
yjjA	0.3972419787647771
ybbP	-0.7266098671829276
wecF	-0.7280954241601386
motA	1.507217468425582
ampE	-0.7621005409950667
yccA	-4.007567668702886
lptG	0.3831642445708915
dsbB	-0.8613988515323874
atoC	-0.862262824892967
fetB	-0.8831726148627249
ptrB	-0.8880795250706847
yegH	-2.273434650942775
ampC	1.641513923413837
smrA	-0.8044153598247207
ydbL	-0.2303322120155631
rlmF	0.0
paaK	-1.021218211268434
holE	-2.440674851068179
gatB	5.574215767796457
dgcM	-1.764025667657657
rep	0.2039498945724434
tatC	-2.113180332350005
prpD	0.8278978745057921
dusB	-0.1307751422487313
btsR	3.161052628845159
mngR	-1.287270563107942
fucR	-1.291726300195385
pdeH	1.220852909609064
fhuF	-0.1825347168211834
codB	-7.3487
cheB	-1.398409002699866
rfaJ	-1.418653706172738
yqcC	0.4623850754049019
ycbK	-1.48328012733562
frmB	2.17009037758456
recJ	-1.21117895674841
fliM	1.28441282812844
fetA	1.690202436589206
rnhA	-1.230314365546667
lhgD	-1.666844904573851
mrdA	2.377008203993928
gatC	4.372592474789823
fumD	-1.766347573260338
yebO	-7.3487
epmB	-2.285883706756648
mdoB	0.9846764359923159
edd	-2.901273570668841
pbpG	1.158132160296857
gatZ	4.101068275623525
rpiB	-2.093454490857606
zinT	-2.108358399169109
mqsA	-0.2889039024698394
ytfJ	-2.226156348163308
shiA	-2.063933958377455
hha	-5.662325805243735
ftsI	0.03758287987616156
ade	2.698213173920077
ybfE	-2.223344911477157
truC	1.649721063683362
ibaG	-0.3301841860478716
fes	-2.613338431206083
argF	-2.675982966238718
ndpA	-1.09139392586554
plaP	-2.288355879583553
yqjA	-2.835252709991222
yrfG	-1.377498449766713
sdaB	0.4047386713715932
uvrY	-2.207610737385682
intA	0.5828836941332839
ybjX	1.730757209722844
wbbJ	0.8738464776543649
yagE	1.738965710566727
insH5	-0.6227501585227523
livM	-1.061259724130591
ybdD	-4.027304270925699
amiA	-4.724906105537403
hsdR	0.8517395133351656
nuoH	-0.5949693510246148
nanA	0.4000817936313116
waaU	-0.9009344325788712
ylaC	0.0954923216245178
malT	-0.08642569186090593
fdoG	-2.033520149253051
glaH	-1.529412011704817
sdaC	-2.646519913669884
glnK	-5.741918275995409
