metQ	7.054539252742387
uspA	4.858280213198631
luxS	6.553435332949433
lrp	7.007819181443446
dcp	4.531395866597602
pgk	3.183881404615449
rraA	6.033311012248992
gpmA	2.102518196026484
oppA	0.0
ompC	3.238532930555537
ybgI	5.762699443301435
yeeZ	6.554780801420267
leuD	7.054539252742387
mdh	-1.027960293886446
bamC	6.436035836560575
gstA	7.054539252742387
crr	6.452876125867728
pepP	4.648754533867153
adhE	7.054539252742387
pflB	-0.8543530618070998
acnA	-0.8303867895489273
gltI	7.054539252742387
gltA	-3.816826605176946
ihfA	6.868483113092273
nadE	7.054539252742387
yceH	5.522585568252572
icd	1.906627924593528
fliY	7.054539252742387
artJ	7.054539252742387
clpB	-2.108567946566272
livJ	7.054539252742387
copA	6.544388952382446
potF	7.009526038976049
katG	3.646230402372507
pliG	6.993541898391936
wrbA	7.054539252742387
uspG	-0.3734770661818808
qorA	6.027374907027501
katE	7.054539252742387
btuE	5.427056120573699
tktB	7.054539252742387
yggE	2.538158140985801
ivy	5.677241017163345
fbaB	7.054539252742387
osmC	7.054539252742387
argT	7.054539252742387
osmY	7.054539252742387
yaeH	3.029972733793958
ydhR	6.564690157658846
moaB	7.054539252742387
bfr	2.835438088154477
grxB	7.054539252742387
amn	7.054539252742387
glgA	4.598480065152697
yqjD	6.02611285740429
ycaC	6.888997779838317
yahK	7.054539252742387
degQ	5.311416080195659
uspE	6.654550235912425
aceB	7.054539252742387
cpxR	5.561990317326837
aceA	7.054539252742387
yahO	5.427056120573699
dld	6.351993607418747
elaB	6.578539212944748
yeaG	7.054539252742387
yghU	7.054539252742387
pfkB	7.054539252742387
yccJ	6.31135469652475
ybjP	4.108549504261325
cdd	-1.627483132168689
ygiW	-0.4271610479382426
pgl	2.369552148818102
msyB	6.301671925234901
chrR	1.911160676377913
gsiB	5.791189859994226
gsiB	5.791189859994226
osmE	4.923360991296639
ysgA	5.311416080195659
kbp	7.054539252742387
hpf	4.473652637759239
ygiM	6.940502140130532
nagA	0.1977141312635554
glgP	4.86518385271431
ihfB	4.319807164956971
ybiB	6.258959849516581
glgC	5.555068473190697
yjbR	2.728100986877517
ydcL	6.634756202336733
acuI	1.640783851948222
ybaY	4.491577715584217
yeaY	2.33275677021279
yiiM	1.685385459085611
dkgA	1.013018641094632
ppk	3.759500240219572
mraZ	1.650607212900692
curA	7.054539252742387
yfcH	4.253190571031413
pepT	6.671669163500348
yccU	2.205196029130994
ydhF	0.041615784412726
ypfJ	3.080369200863927
uvrB	5.536175400081777
msrA	6.390820699188507
yqjG	0.5069197211521151
ybeL	3.977076097355938
dacC	7.054539252742387
cysQ	3.92513566661915
ymdB	4.041206222090738
ynhG	7.054539252742387
talA	7.054539252742387
yciO	2.059025459341433
hdhA	4.442950539722688
sufS	5.314245753007648
yniA	4.353985624711346
yjdC	5.852314539167679
bepA	6.294231879516398
ycgM	3.782858066806514
yfhM	-1.215065533037928
yjgR	5.839992693286066
uspD	2.824508371797453
glgX	3.79957298840501
ynfD	4.158531549173511
nnr	-0.6431579401753009
cpxP	6.629019060783983
yeaO	5.439184657129151
psiF	1.602704090551757
yhhW	6.208703402800966
yhjG	2.686907133727384
yciF	6.109410204869397
yiiS	2.655685679013027
ddpA	-1.502376119955854
rimL	2.909097679018416
gadA	-0.0158761158663419
ybhB	2.321424241112008
lsrF	-1.058868304986287
slt	5.404367621587304
yibF	6.168170821734692
erfK	2.460478363398108
mscL	5.078378482914526
glnD	3.497570743904805
ydiZ	4.504274738257942
yhhA	3.090232306167813
ybdK	0.5705373731032088
yegP	3.414368694530382
yiiD	3.088669549625849
pdxI	1.187832116386199
yaiA	6.304361480013092
tam	2.273434650942775
ahr	5.886058240364058
ggt	5.427056120573699
slp	4.784398656478453
yghA	5.92140638058558
hchA	4.737931242070336
poxB	7.054539252742387
yehZ	6.25788598720707
xylB	3.547825017640644
otsA	6.478024519110256
amyA	5.901383645393821
yajO	6.177837561225052
yhbO	4.329571144381625
sodC	6.109410204869397
nfi	1.202938811052999
rclA	1.42209043212232
deoA	-1.940837303810284
leuC	7.054539252742387
cbpA	-1.73622947757288
rob	2.213562043535774
lpp	2.201369319894376
ppsA	-6.470684392584025
dps	-1.906627924593528
yodD	2.168076999330406
trpR	5.594687407117131
gldA	-2.023613630036612
argD	7.054539252742387
dcyD	7.054539252742387
tolC	2.186481305689371
yebF	4.135840381146804
ygaM	4.700431507044055
yciK	6.310089041829524
baeR	7.054539252742387
hupA	0.8340596817308565
pgm	0.4928883031051263
tas	5.242896574992431
lptA	3.262436958572676
iaaA	3.857788407546003
yfbU	4.931604330616132
serA	7.054539252742387
moaC	6.094302166574463
ydcF	6.028351006077752
yhjJ	2.465212673399472
tpiA	4.494137850851803
sufC	6.767710236464037
ushA	-1.18866253075891
tesB	4.901487262517708
yceF	1.742118334946779
gcd	1.172742452798174
ydcS	-2.865560782978259
glnH	3.569275529349385
lpxC	3.684223515220378
glgB	4.901909356629152
dapB	7.054539252742387
yhbS	-0.3343003437427398
prkB	1.071545146069095
sra	7.054539252742387
yceM	1.27587417914913
sodA	1.567470238719061
fadE	-2.495979414806605
flu	-0.080786013528168
mdtA	4.026246324029836
deoC	-1.627483132168689
yegS	0.8983480935147528
ycgB	-1.105368378139887
treA	-3.252174301672649
yfeY	3.783314473412969
cpxA	3.386942235992989
yicH	1.360600567387571
asmA	-0.0231019384582314
uvrA	-0.9617421561232212
gabT	-3.886330453491816
yibT	1.812685110343768
plsB	-0.7470768298769792
gabD	-3.734997708130849
sufB	7.054539252742387
grxC	-0.2964522662445579
sufD	6.125460505699568
ychN	-1.245482858884156
ahpC	3.604299440468029
slyB	4.648898040377505
aldB	-3.706925214355158
yciI	4.524283636165569
uspF	-2.472860592241996
ydfG	5.240693916451534
glcG	-3.853254589480593
hisJ	7.054539252742387
dgt	2.069491429623105
yqjE	0.1345091198845329
yqjH	3.665334955265791
udp	-4.977656830345037
mtlD	-3.940644330208646
yafJ	5.689156810062623
cpdA	0.2125402805095529
rcsF	2.504326964537204
ugpQ	-1.172988971324536
ygiN	1.605182737048619
nagB	-2.975693689181665
rodZ	3.909093127358088
leuA	6.739975469081919
ugpB	-4.370810856687444
ompR	-3.590739024189697
yidQ	0.0752698620998299
ygaP	-0.2936831907888323
ompA	3.063877838616063
mrcB	1.066319598729348
glpK	-7.054539252742387
yecC	6.529635017369761
qorB	1.283993564242062
gstB	6.883474560205432
yfcG	-1.249793898389503
potD	1.446118232756459
rlpA	4.672908028823792
fadJ	-4.291347674849455
rbsB	-7.054539252742387
tpx	3.281934984894076
hisB	6.325999831259762
yidR	5.427755978441807
pcm	2.323190636871702
kgtP	-1.517363521717288
fpr	4.725818743500436
can	7.054539252742387
yjbJ	-4.752077106066081
degP	7.054539252742387
mug	2.271618858277199
ygjR	-4.240096460427679
ompT	3.092092483542684
yhfA	0.3913596495761546
rpe	3.632913940815268
yfcE	4.431242523443518
ydgA	-2.456148309264761
loiP	-3.835543440123266
rsmH	4.665270850003353
lptE	0.3221901454339502
ytfB	3.199034509221014
pepA	3.959154357777221
yfiF	3.20703006915532
ppsR	1.081707720102248
yraP	-1.022501182424675
fadI	-5.28753386176033
eno	6.431088944178286
skp	1.527933907309744
trxA	3.025736026811015
yeiG	1.003704124963011
adhP	0.8747578224563537
coaE	0.9848443204052202
zur	2.807993619953593
gshB	2.730480841898104
minD	-1.770682511529132
sseA	-5.059009360584068
adk	4.000569107304083
lptD	-2.47484597720382
amiD	2.257129244486225
roxA	3.830926727093575
aceF	-0.7543997090127198
panC	5.503575272810018
crp	-4.114621089800116
yfiH	1.894634415696745
argI	6.109410204869397
moeA	4.032268929113128
hisB	6.325999831259762
gpr	-5.697453975956262
aspC	7.054539252742387
groL	-7.054539252742387
nudF	4.105304261902544
rna	2.306519972426877
rcnR	6.208249907252368
yejM	-0.4234409573133013
mak	-1.388526967117924
sohB	6.911367380883498
argP	6.695921105485349
yggN	-0.0593282567996549
fbaA	2.67089744557035
rof	2.368846570016723
pepN	-2.872587500101929
pheA	7.054539252742387
frsA	5.766125579810694
gloB	-0.2154467460955414
lolB	3.77047306180299
yfcF	7.054539252742387
gloC	5.685107380569084
agp	-6.349207757391335
murD	1.877901443986813
lldD	-6.06167200409647
bolA	-0.2456366823807073
yidB	-0.4012408887263896
qmcA	-4.456019949293894
manX	6.930262498997329
zwf	7.054539252742387
rseB	3.386504130241532
yhhX	3.680891777141241
yjeI	-0.3909864542994206
pykA	-3.529318213656425
prr	-6.283477014234254
mlaC	1.55756135809244
cmk	0.99710852019233
moaE	5.601555476255965
rpoE	3.370456404980231
manZ	5.580888254103434
pdxJ	1.020597757123866
ldhA	-2.768706696293109
yicC	4.947371569149135
hemX	-0.2738467844200042
deoB	-6.352990730011379
tesA	4.751293587145129
tehB	4.800206423452568
fepA	5.936065479251353
asd	7.054539252742387
proA	7.054539252742387
ygeA	0.6319179744319553
gmhA	3.04142068850042
lpoB	1.704363828533224
pstS	2.754958349198865
degS	3.906249556077487
btuR	4.121413762233394
lysC	7.054539252742387
yjdM	-2.334002917536601
yecS	5.83490119364446
fhuE	0.7671371097840483
mmuM	6.833693607254833
fumC	-7.054539252742387
entE	1.164813973692015
dcd	2.89822701915237
fucU	1.419554254248664
yjgA	-3.290574533034135
leuB	7.054539252742387
ilvG	5.573759389449687
rcnB	3.375131744918398
ptrA	6.515679060211618
xseB	2.076379266351129
moaD	3.969309495680558
mtlA	-6.516874490720628
surA	3.398079071902085
tolB	3.103543087829578
spy	7.054539252742387
astC	-7.054539252742387
mppA	-7.054539252742387
fadD	-6.248964050449239
pheT	6.67868779613039
proC	2.05780106818012
zipA	2.732542248383034
tnaA	-7.054539252742387
yggX	7.054539252742387
ybfF	3.748764932962733
ycfP	3.918231971229158
ybhG	-2.918947780456435
yceI	7.054539252742387
ilvH	6.109410204869397
tabA	7.054539252742387
maeB	-7.054539252742387
dhaK	-3.605658742157401
nlpI	2.483510642646473
fadB	-7.054539252742387
corA	0.7688816244086654
galU	1.737309943406235
pdxH	5.652382602922762
yhjD	-1.479309791096502
envC	2.492627841814344
pqiC	-0.7614351280500576
entF	3.613210784282845
murC	5.667590183461798
ydbK	-3.820113611299607
hinT	2.854739022327776
artI	-3.039294024507424
hemC	-0.0435831162598591
mltG	-1.052665458164187
yqcA	0.2958288521714942
yebT	1.014763280696859
rcsD	-0.9255378377602976
clsA	1.004250329492755
yecM	4.625107418726585
yehX	-0.9417335925843792
pepQ	0.1172821227449694
anmK	0.1241819165228894
gss	7.054539252742387
hldD	1.557714716969928
mscM	0.880716184136192
gpsA	-5.61794438774958
serC	7.054539252742387
damX	4.662560154086352
fadA	-7.054539252742387
gntT	0.7891916526582223
ppiA	6.122564990394752
rpiA	0.4717908496604551
slyA	4.168106406157352
kdsA	2.011947781559066
rapZ	3.091390643066402
murF	5.600208930334611
pntA	7.054539252742387
fepB	0.0828132919318811
ilvE	7.054539252742387
gapA	6.475402601151828
msrB	2.911318113155938
yaeP	2.588690712021203
rnr	-3.053416129360158
nadR	3.8804175913944
cydA	-4.048101379085115
ilvB	4.514353131829845
prlF	1.158508697050846
relA	0.8131433773829672
ppnN	-6.198218902551386
pykF	7.054539252742387
bcp	5.8936478200994
yciC	2.432379058584446
yqfB	1.291066917567134
iraP	-0.8245277078391225
cysK	7.054539252742387
mglA	-7.054539252742387
aroD	7.054539252742387
uxaC	-6.852314761973745
pta	-6.423191969083156
argE	7.054539252742387
yncE	2.805108115329709
arcA	-0.5623827420859671
nikR	4.490545393445557
dkgB	-2.818016461293705
uvrC	2.204624005321949
metJ	5.423873196634506
ilvI	6.109410204869397
fadH	-7.054539252742387
hemY	-3.088196977482495
ybiX	0.852385797957575
pspF	-1.48705608027317
ygfZ	-0.232700310758755
ybaK	0.5930749470585943
pssA	-2.262876362784797
entA	4.847395080338852
glcB	-7.054539252742387
fruA	-2.608551148692056
hisG	5.911237974070978
dapD	7.054539252742387
yggL	1.200425512311835
pyrC	7.054539252742387
hslJ	-2.46548104226592
ynbE	0.2082932522902251
chbB	-2.742756246381667
mltC	2.967737925341783
mfd	1.819652755377944
yajL	2.388523494186848
zntB	-3.665454196463974
yeeX	6.867016769970872
argB	7.009526038976049
dppA	0.0
rbsD	-5.851205823783723
lolA	2.46176088508262
yajQ	3.199958740156548
purC	6.639878508738038
ftsN	4.761140130407982
ydgH	6.085677443469049
frdA	-7.054539252742387
phoB	1.56033954472604
patA	0.7926187177017122
yifL	3.593396692803093
fadL	-7.054539252742387
hupB	-2.300229766110734
glnP	-1.297869963471406
rpoD	-4.062391638246233
ptsN	1.80371424816985
cra	-2.839334586225172
recC	1.38190784127181
lpxB	-2.751517170971293
galF	5.903196546643767
ssb	-1.528758065028132
cpdB	-7.054539252742387
nagC	-3.073588064351393
pgi	0.5894813943545413
gnd	5.058442843873205
acrA	2.481665804530941
fsaA	3.730873853465186
atpE	-0.9968997447289502
ubiF	-0.8497683788378336
aceE	-0.5060079864397695
nagE	-7.054539252742387
tdh	-7.054539252742387
ispD	-0.989034604004029
gor	1.677255510375724
pepD	-5.615455818697175
ravA	-2.242484130349715
mglB	-7.054539252742387
nlpE	-2.716905703903195
panB	3.947648662821248
apaH	2.558231733442857
rlmM	2.402717039099206
hisP	5.086256536221526
trkA	-2.448300978246673
coaD	2.952535961852503
pheS	7.054539252742387
glpD	-5.240693916451534
nmpC	-2.100127864027546
tyrB	7.054539252742387
yhcB	2.816751893997404
sapF	-2.512144327930462
glnQ	2.433105884186213
pyrI	6.109410204869397
trxC	0.2594860803439006
ispE	0.6538390449052481
gshA	4.039345810683488
fldA	1.657134570037047
yrdD	-1.087083294486751
pqqL	-0.080786013528168
gmhB	3.612332493235201
pckA	-7.054539252742387
hemD	0.7561904619870963
pflA	-1.206677734755653
cheY	-1.718137380005183
ycbB	-1.576111973986658
rng	5.157642761687299
dacB	2.13287879920698
mnmE	1.476719444972977
eutL	-1.096694777762261
hcxB	7.054539252742387
sufA	1.733538503841795
csdE	3.020437192624031
psd	3.388572577146029
mdoG	6.151408831150911
phoQ	0.7241070772703168
yecA	2.373902160147277
narL	2.603130874757221
ppc	7.054539252742387
macA	0.9897905271101868
mgtA	0.86807106455894
tusA	1.727934322388418
lptF	-1.801771921131179
orn	2.47682793013316
lapB	-1.24880391539939
pspB	4.455847624738431
plsX	1.510153205406395
aspA	-7.054539252742387
ptsP	1.5771901730475
yjjV	-0.2667866964910878
aroE	1.028959591310329
lnt	0.0253730722432718
dsbG	1.502523889891829
thiL	0.9430069324528352
rsd	1.508409899867043
gltL	3.960413521128024
prmB	5.581159769491271
msrC	6.057022702525228
cydC	2.555873664335079
pdxA	2.411991336822781
murG	-0.5514068440119503
zapE	2.067347446377226
metAS	6.109410204869397
matP	0.104778599665816
gcvR	4.709528384241991
znuA	6.502970238893454
yffS	-1.850595163487126
menB	0.2148650204877427
yiaF	1.18054804085759
nudC	4.977656830345037
pdxB	6.598841155631861
potG	4.004799899441708
hisC	2.93991816294227
stpA	7.054539252742387
ycdX	4.220059912569603
ynfB	1.711736621888141
ybhL	-0.519862792072898
nlpD	0.2422899149683079
alaC	0.0063975172827991
ydjF	0.0501186281299632
mtnN	2.665205833907079
mdoH	-0.4229813559449563
cca	-1.64520740258314
livF	3.812442943037072
ppa	0.628878261637067
lacI	2.059447932927441
gnsB	1.369831066090189
hflX	4.107698361429751
surE	-1.072770069955941
lpdA	-4.534272981372347
yihX	-3.503260345420573
hxpA	3.520503624748555
tamA	-0.2491981302148652
lolE	-0.2044523815368209
raiA	-5.799421030596037
proP	5.035339787947794
yjgM	4.5716846087842
alsB	-7.054539252742387
selA	5.147911328148859
hfq	-0.0072308036538245
cdh	-3.207074024338575
yoaB	2.688334703414295
ftsX	-1.202253078896549
rsmI	5.465059525635864
dadX	-7.054539252742387
ycjF	-1.713121563687855
sapA	-1.363734920816552
gntR	-3.982220063474681
modA	-0.1517527731099497
yiaJ	4.09436941966583
ubiD	-5.782839375342498
livG	6.109410204869397
lrhA	-1.631106234834637
ydjA	1.35705683357126
gloA	0.1081933978302066
cbl	4.656199394348111
phoP	5.427056120573699
metI	5.674985998234836
yedD	0.3813827890422031
fldB	2.17933624804342
ridA	-4.707542162853628
yddE	-0.0232401925136117
phoU	-0.4689504389086793
rbsA	-3.051123664614979
rimI	0.3831685774470886
yceB	0.3721526420347131
kdsD	1.10895524765036
pntB	7.054539252742387
bisC	4.370118511679921
srlR	-3.613492583937932
cnoX	0.4802538823682688
rcsC	-1.03040510613595
sucB	-7.054539252742387
hisH	4.145829361800669
ycbX	4.175030231297293
zapA	2.534113038781734
yhdE	0.8477393955319379
ftsP	0.7685992699236811
aroB	5.014425368161677
yebY	4.797455061724247
ucpA	-7.054539252742387
pxpC	0.442841835916599
btuB	2.989919945381926
engB	1.517957595556875
dcrB	-2.24607256035588
yecD	2.737864163663204
dmsD	3.124791321787077
metC	7.054539252742387
yebE	7.054539252742387
trxB	4.812573590659578
lpxM	0.7364792938034771
aldA	-7.054539252742387
csqR	-6.841888523569414
tcdA	-0.4179276716694817
cysG	2.382389223760516
rseA	-0.6173559048283787
grxA	0.4485703953594527
hns	-0.5689042626674905
ynjE	-4.270883617246827
fhuA	3.282816795920754
ydcY	3.864237929330762
cydD	1.986454485818761
pyrB	7.054539252742387
bamA	3.334144208247505
add	-7.054539252742387
yacG	-0.4865073187668384
yihD	3.828556160653975
usg	2.271726453571492
entB	3.981020604891252
mscS	6.948464918776456
cysE	1.312114903771671
prs	3.036042353778384
ddlB	2.873066962086572
groS	-5.93233707596702
ppx	-2.600342383518454
ybaL	-3.5208975269897
glnE	-1.143092952591028
dnaE	-1.262774305218612
yahJ	1.269952428699547
acs	-7.054539252742387
cobB	2.193424340710789
coaBC	-3.186785641042542
mltB	1.929669394295293
yeiE	-2.434908506077544
cutC	-1.75647878503255
corC	0.13002110731363
trpA	7.054539252742387
lpxA	1.682578407459764
yhhM	0.6188730405486289
selD	-0.8358594328690834
dnaK	-7.054539252742387
xerC	-3.29985661264125
hemE	-3.757371324888711
yjjX	2.937448250854275
fmt	-3.873901421098537
tyrR	-1.704989142833928
ybeZ	0.8863684585966863
argH	7.054539252742387
pdeK	-1.831674030400181
malK	-7.054539252742387
rraB	2.127734547984924
arcB	-4.476894217804427
aroG	7.054539252742387
talB	-0.6922715307539619
yagU	-0.0791918479264347
rpoN	1.335556331667982
pxpB	3.409762682392524
argG	7.054539252742387
tsaE	4.105118297522446
modF	7.054539252742387
ybiV	5.420216577811589
fkpA	-0.6728097675387114
deoD	-7.054539252742387
cstA	-5.311416080195659
yafC	-1.457421738597651
glyA	7.054539252742387
minC	3.497570743904805
yfaY	-0.2600422070284074
tamB	-4.742681901803091
glnB	1.421206211893238
cspD	-6.407018331638677
alr	-1.226525763249029
sad	1.904518592061651
tilS	0.8983480935147528
metK	7.054539252742387
hflC	0.1860601789746304
trmL	0.6263484296265324
ygfB	1.074668004736021
mtfA	-6.661578263521856
hldE	2.353669270511453
allR	4.642267243236495
ybiU	3.065268029958643
malE	-7.054539252742387
asnS	6.999402742118022
gcvA	-0.1796410787071732
dgoR	-0.0591615969244565
tusC	-2.043816008561681
purE	7.054539252742387
sbcB	-2.713119695095307
slyX	0.9280517959302734
kdgR	-1.977356251967225
frmR	2.05263772553665
ilvA	7.054539252742387
solA	7.054539252742387
smpB	0.1300542083598056
ltaE	1.938596843768622
metB	7.009526038976049
yacL	-1.986300204129427
topA	-1.038534004693235
ldcA	4.269781253557007
yfgD	1.699945328278258
mlc	-1.743987664249176
lapA	-0.1152260006664362
ptsH	5.42749523992701
gdhA	7.054539252742387
tldD	2.326934260580791
bioA	-2.21151780918668
yifK	0.441028882518272
ptsI	7.054539252742387
yqhD	0.0
holB	1.602299756186547
rsxG	3.481514073903879
prc	7.054539252742387
minE	-1.235402958650929
gudD	-3.401937245831477
rbsK	-7.054539252742387
ytfP	1.872772641755706
rsmC	2.910463741567632
holD	-0.0137868922630842
diaA	-0.1854159351964705
ppiB	1.150151057846756
pdxK	0.2464496909358349
eco	-7.054539252742387
ung	-2.050579344219458
thrB	7.054539252742387
bglA	1.224632396747704
ydgJ	-1.182293030435658
cusS	2.286198235209753
guaC	7.054539252742387
csdA	1.491029743638992
ribC	0.3485673211717915
dnaA	-0.484117281702991
macB	1.051563197870493
pfkA	5.748304126002986
ispF	-0.6345024357359459
purA	3.380252285462954
mukF	-1.646772441499519
mnmA	5.747125566424852
elbB	-5.914491470203346
rfaG	-2.951500339316884
serS	-2.946413716772114
polA	-3.618772059418647
dksA	-5.074387693218939
tmk	-0.4758916873901896
rlmH	-0.6034262108720592
ilvN	1.79189730411436
yhaJ	0.1012906737235749
mdoD	2.42129141395982
dnaG	-3.386942235992989
cysP	7.054539252742387
pqiB	-3.053205834590184
yhbY	-1.078723649413868
cusR	7.009526038976049
lptB	2.283936782237365
prlC	-3.97840030892875
artP	0.0476704675254377
pspA	6.994322593964015
yadG	-1.014784527529813
aroC	6.34601862736733
ydiJ	7.054539252742387
bioD1	1.334622286700193
oxyR	4.621751333090097
bamE	2.612054141229278
hisD	3.125960240062525
cueO	5.240693916451534
eda	0.7578253009311053
hemG	-1.943984406112457
ubiK	1.478890068301739
glk	1.117606654530924
creA	-1.887671603215946
wecG	-1.852179858769046
bioH	0.8806469579753499
kch	0.7171599938540009
tsaC	1.373958657731888
kbl	-7.054539252742387
yigI	-0.981124290765
yejL	1.259248236514984
ribD	-0.3263633505530666
nrdR	2.324014751769764
murB	0.1143524195409722
mscK	-3.741169241000709
lpxD	0.7369274742252616
mlaB	-0.1961488541026348
fdhD	-0.7960551172626629
acpP	1.279978133257225
tdk	-1.368646860184082
seqA	-0.5073466162390329
murE	3.728024771209932
lamB	-7.054539252742387
lepB	0.0506788312847124
cydB	2.754821830588948
sspA	-0.3453247608627207
argC	4.723342188283446
rstA	3.845480661378464
xerD	-1.44292342404422
tatB	0.2297774550515805
folA	-4.257410526473392
gatD	-7.054539252742387
yhiN	-0.6783789406936119
ribE	-0.1611451506775579
ribE	-0.1611451506775579
rsgA	2.584587732688237
clpP	1.813416706115588
thrA	7.054539252742387
spoT	-6.923559852892591
gutQ	-1.041894440121972
ghrA	4.328891721549792
mlaA	-1.847746623004209
ebgR	-1.145494502830029
nudJ	0.5860905570834833
map	1.408234963399584
yejK	3.883709213000801
fruB	-2.603206552970156
htpG	-7.054539252742387
ypeA	0.9147665322752646
pmbA	3.535414229277212
erpA	2.449210313678528
galT	-7.054539252742387
ftsA	2.881278236494173
aroL	7.054539252742387
uxuA	-7.054539252742387
ghrB	6.693290416786699
rsmD	0.0905558975299039
ribF	1.633457978383154
fabI	-2.336833712670966
hflK	0.6879458348073656
yciH	3.570681211911995
rsuA	6.245799266779141
glnA	7.054539252742387
glnG	7.054539252742387
nrdE	-0.569524867039805
yheO	0.6883314338368995
bioF	-0.2559363317436934
nadC	5.311416080195659
ruvA	-1.451291606788808
proB	6.984415215514096
pncC	-2.344279326655955
deoR	1.205526795972518
folE	7.054539252742387
metG	7.054539252742387
alaA	-1.940837303810284
avtA	6.715659121996302
wecE	0.8865513329815721
syd	0.7604259779261411
cirA	0.0
yfcZ	-5.397050244395022
yggS	2.946635623170531
bamB	0.6313342811821114
xthA	0.7030881221879083
atpF	-1.134609137848738
ptsG	7.054539252742387
yffB	-5.67290987918238
dnaB	1.898436277010003
ompX	7.054539252742387
tyrS	3.757222385691129
ygiF	2.577378977719292
bamD	2.430942286653349
eutB	-1.874037253665212
aroH	7.054539252742387
accB	-2.033305207566293
hemL	4.414790871429827
truD	1.517981893769069
rsmA	-1.250426195214224
hisF	3.118556528854039
ydcI	-3.641562946878698
dxr	-2.518547517945025
speA	1.764140386096008
fur	0.8935051795991258
nrdD	2.059025459341433
srmB	-3.26684997626152
mobA	0.4649042875095944
cpoB	1.658147263609193
fabB	-0.2529732363224534
yfbR	2.483591127553781
yrfF	-2.885731415611993
ribE	-0.1611451506775579
ribE	-0.1611451506775579
efeO	0.0
fiu	0.0
pldA	-4.323005734780323
ycgL	3.804989170280739
ispA	-1.827753459080172
hrpA	-2.344136559616977
atpA	-2.410142509526817
rfaH	-1.706043396888961
csrA	1.011742106054214
speG	-1.593011688332941
radA	1.916084587101106
purT	7.054539252742387
yeaK	4.007325971548018
mlaE	-1.737559234230603
sucD	-7.054539252742387
lysU	-7.054539252742387
speC	4.804090028822775
ytfL	-1.256225357013908
manY	2.364259809437302
murI	-2.927515089631406
yqgE	3.598598842813274
rlmA	1.388556769490686
ftnA	2.173076688983356
carB	7.054539252742387
rarA	-2.162599870676805
secB	-2.941471956986955
trmD	-1.693340591244932
lolC	0.8331669001182531
nanE	-7.054539252742387
yigB	4.684657419503456
glpQ	-0.7277699565438035
menI	5.564062519687957
ftsZ	5.427056120573699
grxD	3.884073497806994
yfcN	-0.1112429802470574
sdhB	-7.054539252742387
ycbZ	-3.213679403492801
yciA	3.889398897974901
nanR	-0.4832198492550223
yaaA	1.635208469480362
pepB	1.97024586639071
hemH	-2.860177936880382
queF	-3.003000404816504
gppA	-1.189177757988608
acrB	-6.192014520302752
mnmC	-1.715281309260975
rseP	0.2908496263184332
rsmE	2.91403953496544
lasT	1.195376886783282
nudK	1.573334404280321
ftsE	0.1595098106362978
trpS	4.381473901797349
mlaF	-1.120390994232266
hemN	2.741229327304671
fdhE	-4.500070632270618
aroP	4.556687631933278
puuC	3.918072127691568
lptC	1.768862223389029
barA	-0.7876174101811134
elaA	1.409843258029613
purT	7.054539252742387
nagD	0.5988677411627356
der	-2.470877005030919
srkA	1.78661336549347
yhiI	-5.184986076505208
nanM	-3.090232306167813
ispB	1.890947245614398
blc	-0.3221696548939496
mlaD	3.248139777398968
yncD	-2.530487765070672
mreC	3.349124865845646
rimP	-0.1392605989725354
entC	1.968591669186594
pyrH	1.77497388150999
manA	-3.617360455161645
rfaF	-2.325808741941755
glmM	-7.054539252742387
carA	7.054539252742387
xseA	-1.796514416399122
putP	-3.683480086073821
uvrD	-2.435146802392869
exuR	-3.736829466364594
agaR	-0.9588891832340533
galK	-7.054539252742387
nagK	0.9733032457099884
mprA	-0.1177626155208323
dsbA	3.347105556894021
thrC	7.054539252742387
ybhC	5.952737088292195
infC	-0.6138626712220134
rpoS	-7.054539252742387
dcm	0.9399035719174312
tufB	-0.635045750489557
ruvB	0.1371471768381924
tatA	-1.12524016850977
purL	7.054539252742387
wzzE	-0.1206281321737203
mog	-7.054539252742387
ompF	0.0
lolD	2.679379935794497
yegD	0.0826407644736961
yibL	2.002188576719402
yieP	-2.181115405848909
tolR	3.754024527702734
sbp	7.054539252742387
sucC	-7.054539252742387
yfgM	1.405636617090491
galM	-3.216518400236074
metR	4.931597118244481
ubiG	2.930685579388834
atpH	-2.204925115548184
hisA	3.791657831245167
rsmG	-0.1745730781258012
metN	7.054539252742387
aroF	7.054539252742387
mazG	1.279399127021202
pth	-1.109160584079233
dnaN	-1.174195383411405
pyrE	0.5563084669589183
speB	-4.053559462145131
rpoZ	-1.060457892419627
rlmB	0.8598968355743762
cytR	-2.156331106919512
dppF	-2.274367362706931
betB	0.6666273284744343
nudE	3.899667027015074
speD	6.301550813930793
puuE	4.245198493068429
prmA	-3.87625787158693
ycfH	0.9809479719532788
ybbO	1.997939165839062
queC	-0.8874092885503556
sucA	-7.054539252742387
djlA	-3.52042819598017
yqaB	-1.100051424960315
yciT	2.18817954802648
mqo	4.149696889560404
nrdB	-4.150992288601468
pabB	2.354734964646326
atpD	-3.920327910683389
mukE	-1.688261994075236
pitA	0.1411731476064519
purR	4.541395768823897
rbn	0.159644728871693
purD	5.512607899653272
sthA	-7.054539252742387
ndh	0.9151371563629198
yggT	1.76874088619405
kdgK	-4.348935878707563
fumA	-7.054539252742387
rlmJ	0.3982373789397848
fabD	-3.29985661264125
ycdY	3.806539721443064
yajC	-0.4419031230675741
dtd	0.2039129474122857
yciN	-2.728195239976238
ppnP	4.071104750582705
nagZ	1.704408201732797
dnaX	-0.9133802205570424
gyrB	-5.627541895099418
folP	3.95548793120804
yigL	1.774323553072361
purD	5.512607899653272
tonB	2.667368293827313
sdaA	-7.054539252742387
zapD	-1.468894130469033
lplA	-2.644543534922746
yobA	3.569986225238771
cysB	5.586255866235585
dhaL	-2.609705574493233
cusF	5.017001395242684
aas	-3.329277334031426
evgA	-1.365525364467927
helD	0.6538700021224929
zntA	-7.054539252742387
purN	3.553886235465568
purB	5.90423319521714
purD	5.512607899653272
folD	3.314128440852934
dsdA	-3.913965519198998
modE	-4.768080882558334
tyrA	7.054539252742387
gph	1.459733332203797
yifE	1.761517178004682
pyrF	7.054539252742387
recG	-2.217419743118328
narP	-7.054539252742387
dut	-0.9194202108364384
mntR	-3.052750334864874
menC	-2.307570468987552
waaA	-2.006348555153839
ribE	-0.1611451506775579
ribE	-0.1611451506775579
ribA	2.176548786249165
lpoA	-0.3896828398958291
yehS	-6.144109044082295
trpC	4.822284590877522
fbp	-7.054539252742387
acnB	-7.054539252742387
tolA	0.400906787391175
cmoA	-1.403486177557361
mrcA	-0.9642289269416612
dapA	4.995297474219377
rluD	-1.731057608340164
nfuA	1.557365599225411
cysS	-0.178209957584855
nrdF	-2.326347874040841
trpB	7.054539252742387
hemB	-0.6401203639024456
bcsG	-0.7900714296299083
ileS	7.054539252742387
sdhA	-7.054539252742387
yihI	-0.3786409304067223
pdhR	1.423412342180043
ppiD	-4.583843828822451
purK	6.474311376850084
rhlB	-0.051331463268339
glrR	0.3745434991994427
ybiS	4.709394650523354
purU	7.054539252742387
rsmB	-5.296761754605721
purH	7.054539252742387
pspE	-6.01421830479104
bdcR	0.3544522273502961
yigA	-0.1376284727337784
nusB	-1.301752649060271
tolQ	2.026226969712982
aroA	7.054539252742387
gmk	-2.60258059780788
yajG	0.3161186059762813
mdaB	1.236089032572064
kdsB	0.1906945626415638
glpR	-1.342574215513996
ftsY	-0.9449942453232656
atpG	-3.712759358047681
ndk	-3.641618233523457
cmoB	-2.917640734527457
miaA	0.6448925880207999
eptC	2.081473653033442
dnaT	-1.82910744810518
secG	2.013929608065018
glyS	-4.285644101881283
yfdH	-2.95315715967319
ygiB	-2.171733934003983
potA	0.106961170211123
yfcD	1.308864292751934
ygiC	1.962328926145638
ubiI	-0.2462866674842433
mioC	2.67933821452143
rdgC	3.474791646825878
iclR	-2.010924340811247
atpC	-1.567907552083444
secY	-1.547449249722807
ybeD	-2.470545937107568
yeaD	5.311416080195659
cnu	-2.604925138152532
sspB	-2.735691168262228
rsxC	0.0031154749022464
hisS	1.923619543123421
recA	-5.311416080195659
zapB	0.838283030149235
kdsC	1.162363318990301
rapA	-7.054539252742387
atpB	-2.316126167239482
prfA	0.3744852310615024
rlmE	-2.361867283022864
yhbW	-0.3414365998915738
murQ	-7.054539252742387
cyaY	-3.68393294802697
tsaB	-0.9901700556344122
serB	2.11056502872041
dsbC	2.626426797061465
bglX	-5.358475282446747
yjaG	-0.6664709438519586
cyaA	1.10925570857248
nhaB	-5.338210460433547
slmA	-1.512426976550627
metL	7.054539252742387
ribE	-0.1611451506775579
ribE	-0.1611451506775579
hflD	-0.6820137543206547
aspS	2.17402407432818
thrS	-1.602026249402901
ilvD	7.054539252742387
nth	-2.652069807902196
ybcJ	2.113493506187242
hexR	-7.054539252742387
frmA	-3.215431204396855
secE	-1.910533754007849
hxpB	-2.314836853395938
metH	7.054539252742387
fruK	-3.015900392225896
wzzB	3.834856842889784
panZ	-4.186889199095469
purM	6.937185598036913
galE	-7.054539252742387
yidA	5.685710463605823
cysN	7.054539252742387
ycaR	2.193111398506801
nlpA	7.009526038976049
tktA	2.079323158487382
mrr	-3.099580185305358
ghxP	-0.1206099341193071
wzzB	3.834856842889784
ftsK	1.637806771559851
ansA	2.040577185866395
trmB	-3.334065991858005
rluF	0.4282728287118392
yaiL	-3.06138069570116
dppD	-0.5848385611207945
msbA	-5.084293386351677
ubiE	-0.8535587862438574
oppD	-7.054539252742387
fdnG	-1.960146452946983
yajD	1.084342089953124
leuS	5.621714345302886
glmU	-2.763976144242065
yrdA	5.295016827712031
trmH	-0.8081573612341749
slyD	-0.5469527682835729
selB	2.488548303084364
cysH	7.054539252742387
asnB	0.0
iscU	4.173514266345713
flgM	-0.3482061542337718
folX	1.734945049529666
rlmG	-3.563146534929628
pyrD	7.054539252742387
dnaJ	-5.2279249997289
ratB	-1.207354818480403
rnk	-4.957678800246957
coaA	-4.80257747617126
yqjI	-0.4284727052892049
mreB	4.156401896003312
queD	0.7581522999045905
speE	4.736009534687357
lon	-6.753067096105718
gpmB	1.218605568763691
nemA	-0.3437136640051916
rnc	1.53060417403913
ilvC	7.054539252742387
plsC	-1.648903864786551
hslU	-7.054539252742387
codA	7.054539252742387
cysC	6.79339267123236
mpl	0.4548155151150236
fadR	-1.429260361667201
cysA	5.240693916451534
mrp	2.545963607737351
lpxT	-4.830423803271092
infA	1.32765684120784
dhaM	1.092834271964186
gltX	0.3560218167760537
grcA	-6.675575293634001
uxuB	-6.910328502966847
dadA	-7.054539252742387
hslO	-5.899918516124757
gltD	7.054539252742387
grpE	-6.347987935259314
rfaQ	-6.372568095070243
ybaB	-0.1676545307894387
frr	-0.6521734780473536
fabH	-0.6616935928907928
folC	0.3866832506398373
gatY	-5.558110577581975
accD	-2.548570142115267
rpoC	-6.119215709005892
pcnB	-2.606640634228523
fabA	-6.066319171914948
hscB	3.150706420753659
pstB	-2.621746900713467
rcsB	2.089853657858476
iscA	1.918535603388611
yeiR	-1.994814990911861
lysA	6.109410204869397
folB	-3.909117473524039
truA	-3.649935506184776
azoR	7.054539252742387
emrA	-3.068176002230543
pncB	6.826561880714723
ackA	-2.79064332558735
malP	0.8109719802083845
yccF	0.949656684297965
cysH	7.054539252742387
yjiA	-4.953272771493927
mipA	-0.9885157395497776
lexA	-0.814872855659473
nuoB	-7.054539252742387
yebC	-2.104364063434075
htpX	1.597599440317384
glmS	3.047518503061958
era	1.416019828042629
rlmL	-5.591222627834134
panD	2.719518715310832
fre	-0.381952590354531
rbfA	-1.037939655992941
nuoF	-7.054539252742387
argS	2.707488881144837
putA	-7.054539252742387
def	-0.0707221637441251
rhlE	-2.898333671857656
rne	-1.875974247015226
hisI	4.344355157963536
tsx	-2.184152055065
metE	7.054539252742387
metE	7.054539252742387
gltB	7.054539252742387
rpoB	-3.091130557552088
nfsA	-3.14331779509439
wbbK	-6.634431713756215
maeA	-6.364263353990587
dapE	-0.1622969254756738
greA	-4.897716292988321
proS	2.337450856160028
queA	-0.2947226102754181
rph	-4.907604366952948
fkpB	-1.472386588073923
rihA	-7.054539252742387
pal	0.9629768217082466
rnt	-1.92683657326391
ispG	0.1672384205597345
cysD	7.054539252742387
gnsA	-2.367983517895162
rdgB	-1.057792643166457
dxs	-4.302450827150567
ydhQ	-6.433019270000755
rpsQ	-5.45209765735859
yfcL	-0.4707005645202435
obgE	-4.356382964023997
rluB	-4.725187565802541
udk	-1.798648743948743
guaB	0.0
asnA	0.0
oppB	-6.645993226739805
rimM	-1.645914201470696
malM	-7.054539252742387
thyA	-1.542855800084296
dcuA	-6.281588666940253
purF	6.654601256915628
ribB	-6.481582753120181
hslV	-6.925012908429554
fabG	-2.788394827372456
accC	-6.62264939166168
sodB	-1.482177778191654
truB	-4.938081986797797
hsdS	-3.141020664747664
glnS	-1.574369502132998
gyrA	-3.980295383947402
sseB	-0.6609723264676071
rnpA	-3.999917055406152
iadA	-3.323414909676117
yfeX	-5.210478601057429
nrdA	-6.516203471603765
puuA	3.451800726989808
fklB	-0.854586832267793
oppC	-5.763944433950606
dacA	3.097757952423538
ettA	-4.059064991021278
clpA	-3.396638943107687
malQ	0.5738361374258879
rpsO	-0.0125935351622867
nfo	0.3005946291863857
nusG	-0.4700867911053166
sppA	0.5725137179643619
yecJ	0.1748138726170365
fdx	-0.8386418228950624
dusA	-0.5663930063991588
queE	-1.417988425012462
rsfS	0.0777613037983147
mutS	-6.957103554652146
cspE	0.5602803580025429
accA	-3.025179714164918
trmJ	-3.081888495759285
alaS	3.09571232490118
tsaD	-1.569664387379994
yibN	-2.205073121049629
tsf	-4.155075174404395
gpmI	7.054539252742387
exbD	3.668315166535057
secF	-5.402591198462466
nuoA	-5.880692488258572
nuoG	-7.054539252742387
metF	5.853235744107264
cysI	7.054539252742387
rfbC	-2.286162886132026
rpmH	-2.502488964261866
iscS	4.684657419503456
rluC	-1.056309534255256
rpoA	-3.756450082332712
suhB	-2.61073065791121
ligA	-5.663803385284218
nupC	-4.026718412378373
nuoC	-7.054539252742387
cyoA	-6.56054724256161
yfdI	-4.881697579400832
yceD	-1.037756429683852
prfB	-0.3054400822519222
nadB	-5.448837881158656
wecB	1.034014383840539
apt	3.078266475459805
ubiC	-4.685364621412055
recR	-1.407233722728775
rpsL	-6.547119455309981
rplM	-1.956277022894014
cspC	0.9118861456522404
cysJ	7.054539252742387
nfsB	2.195060388281044
ybiT	0.5157032074503296
ffh	-2.67759792985068
glpX	-5.817945696595585
sdhC	-5.763102526214265
ppiC	-5.057032988714598
nuoE	-7.054539252742387
gatA	-6.355691688152469
iscR	3.304804751366512
rplL	-1.957541220969609
secD	-6.33311761167969
secA	-7.054539252742387
gpt	-3.580995111074997
fnr	-0.8420815070566422
ttcA	-4.125127515083058
rnb	7.054539252742387
exbB	2.932586543083194
rho	-0.6677515432046557
cysM	5.311416080195659
ydjN	6.125768178209255
yiaD	-4.82134409451627
oppF	-7.054539252742387
typA	6.633589812642162
parE	-4.835930512269743
livK	6.109410204869397
rffG	-3.497570743904805
pdxY	-6.227807512150831
glyQ	-3.126106150977336
mukB	-6.880418367654826
fabZ	-1.387242823626495
rfbA	-6.110995778434776
fis	-1.509551533905636
yeeN	-0.6085315986926263
valS	-0.2319908754318969
wecC	-4.781412260171457
parC	-3.556770602528352
yaiI	-3.68379529723254
yheS	-0.9531761061936116
hpt	-1.464720327999647
yeiP	-0.8372776646798644
ddlA	-7.054539252742387
rplJ	-3.750619835986942
crl	-0.4488798654229959
gcvP	-7.054539252742387
ftsH	-0.9496953567636616
rpmG	-1.632152781669527
rpmE	-4.661828474345879
fabF	-6.804583017902642
trmA	1.109903397921978
tgt	1.915739677853976
rplU	-1.428667049649491
aroK	0.2125541912899657
rlmI	-3.494165927342955
pyrG	-0.55078662931653
nusA	-3.188481158069404
cyoB	-5.182738744112458
epd	-4.821116736099638
hsdM	-0.7155713006102966
hmp	-5.839731031125427
gsk	-3.124124697201303
nuoI	-7.054539252742387
bioB	-4.024815508318345
rplR	-2.347355507423463
upp	7.054539252742387
pnp	-2.107001562963546
rplW	-2.934990112966545
ybhA	-2.454970546442012
yebG	-4.19030759675284
rfbD	-4.057557208896963
efp	-1.175339337600367
ychF	0.3354579370942774
uup	-5.014425368161677
mnmG	-1.603712854035223
proX	-3.98687226261257
clpX	0.7259924032195069
rpsP	-1.407594406827002
rpmF	0.902118759845612
rpmC	-0.5611841519405527
ahpF	-6.044383250630844
rpmA	-5.349711029063854
rplK	-3.106490964647476
rpsU	-2.824792908894752
rplB	-7.054539252742387
rplD	-3.613210784282845
guaA	0.0
rplA	-2.411201584989452
lepA	-5.760372798361856
borD	-2.842261383815345
gcvT	-7.054539252742387
rplF	-3.783996993121956
rpsK	-2.465651194021131
rplE	-3.370578776385375
rpsI	-3.044782988540974
rplI	-2.691372186237601
lysS	-4.917832909462859
infB	-6.046338383731625
prfC	-4.071350855674552
rpsC	-7.054539252742387
rpsF	-0.7698764750926909
fusA	-2.552931435785736
rpsN	-2.772682566542237
rpsG	-3.77128008753705
proQ	-1.819491446795752
rpsR	-3.085009209251586
murA	-2.139499610033186
rpsD	-5.356483839475644
rplP	-3.39431096228226
rpsH	-3.051364852319416
rplQ	-3.613210784282845
rplC	-2.250773971069607
rplS	-5.226029143306283
yhgF	-1.658985262205732
rplT	-5.760093090668615
ycaO	-3.417474069899879
rpsS	-4.424485841206182
rpsJ	-1.271327750540688
tig	-0.0493261680432619
rplV	-3.68393294802697
rplO	-7.050040490962261
rplN	-2.044439910914948
rplY	-1.946830027453092
rpsB	-3.142639090579161
rpsE	-3.561493949040563
rpsT	-0.6197229545095109
rpsM	-3.589289938986769
rpsA	-5.147911328148859
trpE	-5.78136286231157
rpmB	-3.292216615401065
deaD	-5.427056120573699
hscA	0.0059020075212339
nadA	-6.109410204869397
rpmD	-3.096714561531299
rplX	-0.6714866088206104
thiI	-6.169084432773499
yegQ	-1.448894882398714
cspA	1.350086480769463
rlmN	-6.744078387145875
lipA	-7.054539252742387
yidC	-6.423260348682707
rfbD	-4.057557208896963
rfbB	-4.592436081891485
rfbB	-4.592436081891485
ibpA	-7.054539252742387
miaB	-1.991285246785886
rimO	-2.818032100896623
ispH	-5.730713124107622
glf	-2.842287646531047
wbbI	-3.990107226594116
ymjA	5.088932555084171
mepS	6.109410204869397
yciW	4.731378751429923
ybaQ	6.611198264367963
cycA	-0.1770333653090704
yraQ	2.432379058584446
glnL	3.722193850140543
cohE	4.237422923015699
ubiX	2.048109160565397
baeS	0.921096590803564
birA	2.209211612856929
amiB	2.033323821990483
yedF	-2.410142509526817
cobT	2.264520758646777
xynR	0.5753942704768287
ycjW	-0.6028733141740432
znuC	-0.8116369196572971
puuD	5.997634762511476
rfaB	-1.181510817503988
yedE	-0.5464438508700064
ydfZ	-2.542698819399047
ftsL	1.96568879160642
ispU	1.614459624486252
cmoM	-2.365618126864292
ulaR	-0.4635083933569364
cysW	3.494753368581593
trmO	1.177489966286925
hda	0.6007597742493188
sdhD	-2.221656259249091
uxuR	2.408915545815461
dinJ	1.800337184840311
feoB	2.366483020168229
yedI	-1.457421738597651
galR	0.5258391075350427
yojI	-1.121676527925489
ydiU	2.127770219105154
argR	2.5758293035489
ytfR	-2.435809589348212
cysU	3.646922430619489
puuR	1.189676886824711
mutY	0.7570832306538241
mhpE	0.6963708224980735
tatE	5.28978157354724
yejF	-3.686342644442814
garR	-6.050947978940502
hprR	-3.553347134934114
rspB	0.5902843943869684
yegW	-0.7481610252543504
nadD	0.2746374279652697
ubiJ	-1.664422320330718
folK	-0.3086904381016404
dnaQ	1.610754746413933
eutD	0.8270904080451208
frdB	-6.964512825209711
ompW	-6.964512825209711
yafK	6.109410204869397
pepE	-6.031898428676445
ccmE	-0.5431885344211086
yiiQ	-0.4893733514277976
mobB	-1.918876226216576
yqgF	0.4724543584135774
ftsB	1.395052528258547
ycfS	-1.661556399145725
eutC	-3.51984442195403
kduD	-4.004343291778112
rstB	-4.597934542990771
mltA	2.260604953316808
relB	-0.1204594462229734
yggW	-1.639525411808365
cecR	-1.940858532331524
cfa	1.159102154946702
dedD	-1.015949341861462
ybhK	-1.112660394785718
sbcD	-0.4425706722760844
ygdG	-1.548602895104105
emtA	2.324694569102459
yjhU	-1.171604738872616
ubiB	-3.976047218263435
yceA	1.349058961541996
cueR	-2.043530007439856
yjjG	-0.8304019346715491
menF	-3.46321416032075
maa	-5.578700628240443
ybjI	1.682597955045797
dppB	-3.291908448741593
mraY	-2.095319924453264
pdeA	-1.160119882997519
yjjA	-1.399297871005337
ampE	-0.3812739247952889
yccA	2.807033768343804
lptG	-1.594189297845586
ampC	-2.958547394055191
smrA	-0.5201227220025503
ydbL	-1.098017942608014
holE	0.9771881213678816
gatB	-7.054539252742387
rep	-1.748203932142673
tatC	0.5161337343960173
dusB	-1.56749086413344
btsR	-4.86423557564413
dusC	-1.236239503649794
rsxB	-1.337182446787998
codB	5.399572190718553
yqjK	-1.398376620797495
yqcC	-2.486908485985693
frmB	-4.269033760884271
recJ	-0.907318163593812
fetA	-3.921251569009498
rnhA	-1.010759074503968
nsrR	-1.534120544352546
mrdA	-4.969548454950099
gatC	-7.054539252742387
fumD	-0.9163661864516924
yebO	4.60417064012562
epmB	-0.486625380421137
mdoB	-3.814979889918902
pbpG	-4.048486077667135
gatZ	-7.054539252742387
mqsA	-2.807033768343804
nrdH	-2.241402727604945
shiA	-1.147923853531432
hha	2.389469193793597
ftsI	-3.317255453335069
ade	-6.009273566403159
dinI	-4.075578979025187
ybfE	-1.165797299455267
truC	-5.113650904261966
cedA	-2.475241443993226
plaP	-1.57643485483201
lipB	-2.74518226982291
yrfG	-2.731580524689915
sdaB	-4.554581331600922
uvrY	-2.009261120351449
yeeE	-3.090232306167813
intA	-5.033955586630358
ybjX	-6.476269833061618
proV	-3.462006794501252
wbbJ	-6.110154660240341
yagE	-7.054539252742387
insH5	-4.780019073378774
amiA	-1.295694619850903
hsdR	-7.054539252742387
nuoH	-5.92046339783577
nanA	-7.054539252742387
waaU	-5.768680108141068
yrbL	-4.827007361911683
ylaC	-7.054539252742387
rfaL	-5.029328699475638
malT	-7.054539252742387
pdeL	-5.708288692803198
glaH	-6.964512825209711
sdaC	-6.964512825209711
